自治体名,公開年月,発行号タイトル,記事タイトル,カテゴリ,記事本文
岡山県倉敷市,2024.09.01,広報くらしき 2024年9月号,「非常持出品・非常備蓄品チェックリスト」を取り外して確認し、災害に備えてください!,くらし,"本紙折り込みの「非常持出品・非常備蓄品チェックリスト」を取り外して確認し、災害に備えてください!
《非常持出品》災害の危険が迫り、自宅から避難するときに持ち出す物です。
《非常備蓄品》災害が発生し、自宅で7日間過ごすために必要な備蓄品です。

■本紙折り込みのチェックリストを取り外して、自身の家庭に必要な物を準備し、災害に備えましょう!
毎年のように、台風や大雨による洪水被害や土砂災害が全国各地で発生しています。また、地震はいつ起こるか分かりません。
いざという時に慌てず速やかに避難できるよう、チェックリストを見ながら、避難生活が長期化することも想定して必要な物を家族で話し合い、平常時から備えておきましょう。そして、普段からよく見る冷蔵庫などにチェックリストを貼り、賞味期限などを定期的に確認しましょう。

◇非常持出品
非常持ち出し品は、災害の危険が迫り自宅から避難するときに持ち出す物です。避難所で2?3日間過ごすために必要となる物を用意します。必要な物は、家族それぞれで異なります。非常持ち出し袋などにまとめ、すぐに持ち出せる場所に用意しておきましょう。

◇非常備蓄品
非常備蓄品は、災害が発生し、自宅で7日間過ごすために必要な備蓄品です。甚大な被害をもたらす災害時には、避難所に物資が届くのに日数がかかる場合があり、避難所に用意していない物もあります。また、ガスや水道などのインフラの復旧には期間を要します。
・食料や水は7日分、最低でも3日分を備えましょう
・普段食べ慣れた物を少し多めに買っておき、食べたら買い足す「ローリングストック」を心掛けましょう
・水や食料以外にも、生活に必要な物を備えましょう

問合せ：本庁防災推進課
【電話】426-3131"
岡山県倉敷市,2024.09.01,広報くらしき 2024年9月号,「真備・船穂総おどり」がまびふれあい公園で開催されました,イベント,"市が、平成30年7月豪雨災害の復興のシンボルとなるべく整備したまびふれあい公園の最初のイベントとして、7月13日、真備・船穂総おどりが開催されました。過去最多となる25団体・約1,100人が、趣向を凝らした衣装で、それぞれの思いを乗せた踊りを披露し、公園は熱気に包まれました。
今後もまびふれあい公園では、地域のにぎわい創出の拠点としてさまざまなイベントが予定されています。

問合せ：
真備・船穂総おどりについて…真備支所産業課【電話】698-8112
公園の利用について…本庁公園緑地課【電話】426-3495、真備支所建設課【電話】698-8108"
岡山県倉敷市,2024.09.01,広報くらしき 2024年9月号,〔特集1〕倉敷学校給食共同調理場が完成しました!,くらし,"?子どもの健康を支える良質な学校給食を作ります!?
山陽ハイツグラウンド跡地(有城)に、倉敷学校給食共同調理場を整備しました。2学期から市内の小・中学校12校へ良質な給食を提供していきます。適切な衛生管理や最新鋭の調理機器の導入により、1日8,000食を調理可能です。

■配送対象校(令和6年8月時点)
倉敷西小学校・万寿小学校・万寿東小学校・中洲小学校・粒江小学校・中庄小学校・帯江小学校・菅生小学校・豊洲小学校・天城小学校・北中学校・多津美中学校

■調理場の特長は??徹底した衛生管理の下で心を込めて作ります!?
◇徹底した衛生管理
調理エリアへの入室は、エアシャワーや手洗い消毒などを行い、ほこりや細菌などの侵入を防止。コンテナの発送・回収口にはドックシェルターを設置し、トラックと密着させることで、虫やほこりなどの侵入を防止します。

◇作業ごとに独立した区域
高い安全性を確保する衛生管理手法(HACCP(ハサップ))に基づき、洗う前の野菜や生の肉・魚などの食材を扱ったり、学校から帰ってきたコンテナや食器を洗ったりする区域と、食材を切ったり加熱調理や配食を行ったりする区域を明確に分け、調理動線を一方向にすることで人や食材の移動による汚染を防ぎます。

■給食はどんなところで調理されているの?
・焼き物・揚げ物・蒸し物調理室
・あえ物準備室・調理室
・煮炊き調理室
倉敷学校給食共同調理場の施設概要など詳しくは、市ホームページで確認を。

■週5日更新!〔Instagram(インスタグラム)〕
倉敷市の学校給食〔公式〕で市内の各調理場、学校給食情報を配信中!
・調理中の動画
・給食イベントの案内
・献立・レシピの紹介
ぜひチェックしてください!(本紙の二次元コード参照)

問合せ：倉敷学校給食共同調理場
【電話】428-2500"
岡山県倉敷市,2024.09.01,広報くらしき 2024年9月号,〔特集2〕9月21日は「認知症の日」9月は「認知症月間」,くらし,"今年1月に施行された「共生社会の実現を推進するための認知症基本法」で、9月21日は「認知症の日」、9月は「認知症月間」と定められました。人ごとではなく、自分ごととして認知症について考えてみませんか。

■認知症とは
さまざまな原因で脳の働きが悪くなり、記憶力や判断力などの認知機能が低下することで、日常生活に支障が出ている状態をいいます。65歳未満で発症する若年性認知症もあり、誰もがなり得るものです。

■本庁1階展示ホールでイベントを開催
日頃の困りごとや体験などを話してみませんか。おしゃべり会では、認知症について学び、地域でボランティア活動をしている「認知症マイスター」や、介護経験のある家族と気軽におしゃべりできます。無料。申し込み不要

◇知ろう、学ぼう、認知症のコト
日時：9月17日(火)?26日(木)
内容：認知症の症状の説明、つどいの場の紹介、作品展示など

◇誰でもなんでもカフェ
日時：9月20日(金)10時?12時
内容：おしゃべり会、ボードゲーム体験

◇チームオレンジ拠点「出張ちょこっと亭」
日時：9月24日(火)13時半?15時半
内容：おしゃべり会、手作りゲーム体験、簡単な手作り体験

その他のイベント・講演情報は本紙の二次元コードを参照してください。

■認知症の人が地域で参加できる場があります
認知症の人や家族が気持ちを相談できる場や、仲間とつながり、集まれる場が身近にあります。開催日や参加費・申込方法など詳しくは、問い合わせを。

◇認知症カフェ
認知症の人と家族、地域の人など、誰でも気軽に集えてつながることができる場で、市内に26カ所あります。

◇本人ミーティング
認知症の診断を受けた人同士で自分の体験や思いなどを語り合う場。家族同士の交流会もあります。年6回程度開催

■自分や家族に認知症の不安がある場合は早めの相談を
早期に気付き、対応することで、症状を和らげたり、その後の進行を遅らせたりすることが期待できます。受診を考えている人は、まずはかかりつけ医に相談しましょう。かかりつけ医がいない人は、市ホームページの医療機関一覧を参考にしてください。居住地域を担当する高齢者支援センターも相談を受け付けています。一覧は市ホームページで確認できます。

◇受診に関すること
本紙の二次元コードを参照してください。
(認知症サポート医などが所属する医療機関一覧)

◇高齢者支援センター一覧
本紙の二次元コードを参照してください。

■「認知症サポーター」になりませんか?
認知症サポーターとは、認知症について学び、地域や職場で認知症の人や家族を応援する人です。市では定期的に養成講座を開催している他、出前講座も行っています。地域・職場・学校などで開催を希望する団体は問い合わせを。

問合せ：本庁地域包括ケア推進室
【電話】426-3417"
岡山県倉敷市,2024.09.01,広報くらしき 2024年9月号,〔特集3〕くらしを支える下水道の役割って?9月10日は下水道の日,くらし,"下水道には「まちに降った雨を集めて速やかに流し、まちが水浸しにならないようにする」という役割があり、台風など大雨の際には特に重要になります。季節の移り変わりを示す雑節の二百二十日に当たる9月10日ごろは台風が多いことから、9月10日が下水道の日となりました。道でマンホールなどを見かけた時には、下水道がくらしを支えていることを思い出してみてください。

■下水道の大切な役割
(1)まちを清潔にする
汚れた水を速やかに下水処理場に運んで、まちをきれいに保ちます。

(2)まちを浸水から守る
雨を下水道に取り込み、まちが水浸しにならないように川や海へ流します。

(3)川や海を守る
汚れた水を下水処理場に集め、きれいな水にして川や海へ排水することで環境を守ります。

(4)エネルギーをつくる
下水処理場で水をきれいにするときに発生するガスを利用して、電気を生み出します。

■地域と下水道のふれあいデー
下水道施設の見学など。申込方法など詳しくは、ホームページで確認を。
日にち：9月14日(土)
場所：県児島湖流域下水道浄化センター敷地内(玉野市)

問合せ：県下水道公社
【電話】0863-51-1955

■まちを歩いて探してみよう!ポケふた散歩
ゲームやアニメで人気の「ポケットモンスター(ポケモン)」のキャラクターが描かれたマンホールのふた「ポケふた」。市内にある4つのポケふたを巡ってみませんか?
1.ケンホロウ…阿智神社西参道付近
2.アゲハントandポチエナ…自然史博物館入り口付近
3.ワタシラガandサルノリ…大山名人記念館付近(芸文館敷地内)
4.ルカリオ…鷲羽山第2展望台

(c)Pokemon.(c)Nintendo/Creatures Inc./GAME FREAK inc.
ポケットモンスター・ポケモン・Pokemonは任天堂・クリーチャーズ・ゲームフリークの登録商標です。

問合せ：本庁下水経営計画課
【電話】426-3581"
岡山県倉敷市,2024.09.01,広報くらしき 2024年9月号,大阪観光局・倉敷市・倉敷商工会議所が、観光連携協定を締結,くらし,"大阪・倉敷における観光交流の拡大を促進し、両地域の活性化を図るため、公益財団法人大阪観光局・倉敷市・倉敷商工会議所は、7月29日、「JPタワー大阪」(大阪市)で観光連携協定を締結しました。
3者の密な連携により、相互地域へのさらなる経済波及効果が期待されます。

・倉敷市は、来年開催の「大阪・関西万博」などを見据え、7月31日、JPタワー内の商業施設「KITTE大阪」にアンテナショップ「クラシキ」をオープン

問合せ：本庁観光課
【電話】426-3411"
岡山県倉敷市,2024.09.01,広報くらしき 2024年9月号,路線バス・臨鉄無料デー,くらし,"〔9月29日(日)・10月13日(日)・10月19日(土)・11月23日(祝)の4日間は路線バス・臨鉄無料デー〕
公共交通の利用促進を図るため、倉敷市内を運行する路線バスと水島臨海鉄道を無料で利用できる無料デーを実施します。詳しくは、市ホームページで確認を。

実施内容：市内を運行する路線バス(一部路線を除く)と水島臨海鉄道が無料になります。倉敷成人病センター前または倉敷駅?興除営業所前(下電バス)、児島駅?宇野駅前(下電バス)、新倉敷駅前?寄島総合支所前(井笠バス)は、市外の運行区間も無料
利用方法：整理券を取らずに乗車(井笠バスは整理券を取って乗車し、降車時に指定の回収箱に入れる。全社、交通系ICカード・定期券は不要)
運行事業者：両備バス、下電バス、井笠バス、水島臨海鉄道
※台風の接近などによっては、中止または延期する場合があります。詳しくは、市ホームページでお知らせします。

■乗って応援!お得におでかけ
無料デー実施日に対象路線を利用して参加できる主なイベントは、市ホームページで。

■次のバス路線は対象外
・倉敷駅北口?岡山桃太郎空港のリムジンバス(下電バス・中鉄バス)
・倉敷駅前?岡山駅前(両備バス)
・中庄駅(花尻入口・清心学園口発着分を含む)?岡山駅前(岡電バス・下電バス・両備バス)
・児島駅?岡山天満屋(下電バス)
・児島駅発着の鷲羽山夕景鑑賞バス(下電バス)
・児島駅?坂出駅前(琴参バス)
・王子ヶ岳登山口?宇野駅前(両備バス)

問合せ：本庁交通政策課
【電話】426-3545"
岡山県倉敷市,2024.09.01,広報くらしき 2024年9月号,10月1日から、自転車を利用する全ての人に自転車損害賠償責任保険等への加入が義務化,くらし,"自転車の安全利用を図るため制定された「岡山県自転車の安全で適正な利用の促進に関する条例」により、自転車利用者(未成年の場合は保護者)・自転車を事業に用いる事業者・自転車貸付事業者など、自転車を利用する全ての人は、10月1日から自転車損害賠償責任保険等への加入が義務付けられます。
気軽に乗れる自転車も、交通事故が起きれば被害者になるだけでなく、加害者になる場合もあります。高額な損害賠償を請求される事例も発生していますので、自分のため、相手のために、万が一の加害事故に備えて、自転車損害賠償責任保険等に加入しましょう。

問合せ：本庁生活安全課
【電話】426-3275"
岡山県倉敷市,2024.09.01,広報くらしき 2024年9月号,〔9月は防災月間〕防災イベントに参加しよう!,イベント,"■地震が起きたら、体勢を低くして頭を守る!「倉敷市一斉地震対応訓練」に参加しましょう
?まず低く　頭を守り　動かない?
地震発生時は、まずは自身の身を守ることが最も重要です。この訓練は、従来の防災訓練とは異なり、「その時にいる場所」で地震が発生したと想定して、とっさに身を守るという地震の際の安全確保行動「まず低く・頭を守り・動かない」を身に付ける訓練です。1分程度でできるので、ぜひ参加してください。団体は、本紙の二次元コードから電子申請で申し込みを。市ホームページに団体名を掲載します。個人は申し込み不要
日時：9月26日(木)9時
訓練内容：FMラジオ・市公式アプリなどでの訓練開始の合図があったら、各自で「まず低く・頭を守り・動かない」を行ってください。行動後は、+1(プラスワン)訓練として、大規模災害に備えるための、避難・誘導訓練、備蓄品・連絡体制・避難経路の確認など、実情に合わせた個別訓練をお願いします。
申込締切：9月25日(水)

問合せ：本庁危機管理課
【電話】426-3645

■市防災講演会「能登半島地震や南海トラフ地震と、災害への備え」の受講者募集
1月の能登半島地震、4月には四国南西部での最大震度6弱の地震など、各地で地震が多発しています。各家庭や地域で、改めて防災について考え、災害に備えてもらうため、社会基盤・防災工学・自然災害科学の研究者であり、市総合浸水対策推進協議会会長を務める西山哲氏(岡山大学学術研究院教授)を講師に招き、講演会を開催します。
日時：9月29日(日)13時半?15時半
場所：ライフパーク倉敷
定員：先着500人
申込方法：9月20日(金)までに、氏名・住所・電話番号をEメールdapvt@city.kurashiki.okayama.jpで。

問合せ：本庁防災推進課
【電話】426-3131

■防災トイレフォーラムin倉敷
災害時におけるトイレ対策に役立つ情報を提供することを目的として、NPO法人日本トイレ研究所が開催します。また前日に、開催記念併催企画として、市による「真備復興視察ツアー」を行います。
日時：9月20日(金)13時?16時
場所：芸文館ホール
内容：災害用トイレの展示、趣旨説明「能登半島地震を踏まえ、避難所トイレの調査を提案する」、講演「震災・水害時の避難生活に必要な減災ケア」「被災者の健康維持のための公衆衛生」、報告「災害時のトイレ対応から下水道復旧まで」、意見交換と質疑「災害時のトイレ環境改善に必要なこと」など
定員：800人
参加費：無料
申込方法：日本トイレ研究所ホームページから電子申請で。

◇真備復興視察ツアー
まびふれあい公園や地元企業などを訪問します。
日時：19日(木)13時半?16時半
参加費：4千500円
申込方法：日本トイレ研究所ホームページから電子申請で。フォーラムへの参加が必要

問合せ：本庁下水経営計画課
【電話】426-3581"
岡山県倉敷市,2024.09.01,広報くらしき 2024年9月号,夜の美観地区を楽しみませんか ハートランド倉敷,イベント,"「光が彩る　秋の倉敷美観地区」をテーマに、美観地区一帯をライトアップで演出します。
日時：9月20日(金)?29日(日)18時?21時(プロジェクションマッピングは18時半?21時)。オープニングセレモニーは20日18時?18時15分
場所：美観地区一帯

■美観地区一帯のライトアップ
〔倉敷川〕美観地区の雰囲気を生かしつつ、藤の行燈(あんどん)、LEDライトを用いて倉敷川を彩る他、藤の花の装飾をした川舟を運行
〔倉敷アイビースクエア〕石畳やメタセコイアなどのライトアップに加えて、噴水に花を浮かべた花手水(はなちょうず)ライトアップを新たに実施
〔倉敷物語館〕和提灯(わちょうちん)に加え、新たに風鈴・風車の装飾をライトアップ
〔新渓園〕中庭に希莉光(きりこ)あかりを展示する他、屋内の敬倹堂で子ども向けワークショップを実施
〔倉敷SOLA(ソラ)〕壁や樹木を光で彩り、くるくると動く、秋らしい模様などを壁面や芝生に投影

■プロジェクションマッピング
倉敷館の壁面に、市内の観光地や特産品のイメージを投影

■アンケートクイズラリー(商店街を含む美観地区周辺)

問合せ：
同実行委員会事務局(倉敷観光コンベンションビューロー内)【電話】421-0224
本庁観光課【電話】426-3411
山陽新聞社事業本部(期間中専用ダイヤル)【電話】090-8719-9744(18時?21時)"
岡山県倉敷市,2024.09.01,広報くらしき 2024年9月号,倉敷自慢の逸品・特産品・老舗が大集合!?至極の逸品?くらしきフェア,イベント,"市内の魅力あふれる地域資源を、市内外に発信する一大イベント。各地域の特産品やグルメが大集合します。各ブースでの展示販売、ワークショップの他、「水島よさこい」の踊り、倉敷商業高校の「書道パフォーマンス」など見どころいっぱいのステージ、「くらしき地域資源クロスワードクイズラリー」や「特産品大抽選会」など、見て・買って・食べて・体験できるイベントです。

日時：10月6日(日)9時?16時。雨天開催
場所：倉敷みらい公園

問合せ：
本庁くらしき地域資源推進室【電話】426-3406
市コールセンター【電話】426-3030"
岡山県倉敷市,2024.09.01,広報くらしき 2024年9月号,〔きらきら手話コーナー〕9月23日は手話言語の国際デー,くらし,"〔きらきら手話コーナー〕では、誰とでも手話で話せる社会を目指して、手話に関する情報を皆さんにお伝えします。
9月23日は、手話言語の国際デーで、2017年の国連総会で決議された記念日です。市では手話動画を制作し、YouTube「倉敷市e公民館」チャンネルで公開しています。皆さんも手話に挑戦してみてください。

問合せ：本庁障がい福祉課
【電話】426-3305"
岡山県倉敷市,2024.09.01,広報くらしき 2024年9月号,みんなで楽しく、スポーツ体験!市民スポーツフェスティバル,スポーツ,"ニュースポーツ・競技スポーツ体験の他、来年開催される「晴れて輝け!おかやま国(こく)スポ」倉敷会場で実施のアイスホッケーや、「開け未来の扉　中国総体」倉敷会場で実施の空手道など、46ブースの体験コーナーを予定しています。ステージイベントや飲食屋台もあり。「する・みる・食べる」で1日楽しもう。詳しくは、ホームページで確認を。

日時：10月6日(日)9時半?15時(スポーツ体験は10時?)。雨天中止
場所：水島中央公園・水島武道館
参加費：無料

■イベント内容(予定)
・ニュースポーツ体験
・競技スポーツ体験(アイスホッケー・空手道・相撲・軟式野球・吉備国際大学Charme(シャルム)岡山高梁によるサッカー・倉敷アブレイズによるバレーボール・テニス・ラグビー・太極拳・剣道・合気道・ウエイトリフティングなど)
・スポーツ少年団コーナー(菓子取り障害物走・缶バッジづくり)
・チャレンジ新スポーツ(ボルダリング・バブルサッカー・スラックライン)
・アクアボール
・エンジョイスペース(キッズコーナー・健康遊具など)
・飲食屋台、キッチンカー
・総合福祉事業団コーナー(児童館など)、薬局コーナー(血管年齢・薬剤師相談)
・ダンス、フリースタイルフットボール体験コーナー
・(株)明治コーナー(健康チェック)
・水島臨海鉄道制服着用・撮影コーナー、SLコーナー(写真撮影のみ)
・ボートレース児島コーナー
・ムラサキスポーツコーナー(スケートボードなど)
・「晴れて輝け!おかやま国スポ」を応援しよう!おかやま国スポコーナー(粗品プレゼント)

■競技会・体験会に行ってみよう!
10月6日(日)のイベントの他に、競技ごとに競技会・体験会を実施します。ぜひ参加してください。

問合せ：同実行委員会事務局(スポサポ内)
【電話】434-3410"
岡山県倉敷市,2024.09.01,広報くらしき 2024年9月号,おくやみハンドブックを作成しました,くらし,"ご家族が亡くなられた際の手続きは多岐にわたり、複数の窓口での手続きが必要となるなど、ご遺族にとって大きな負担になる場合があります。
このたび、市役所での手続きと、市役所以外での主な手続きを分かりやすくまとめた「おくやみハンドブック」を作成しました。このハンドブックは、本庁市民課・各支所市民課(係)・船穂支所市民税務係に死亡届を提出された際にお渡しします。また、市ホームページに掲載しています。

問合せ：本庁企画経営室
【電話】426-3055"
岡山県倉敷市,2024.09.01,広報くらしき 2024年9月号,水島地区公共施設再編整備に関する説明会を開催,くらし,"昨年度に策定した水島地区公共施設再編整備基本構想に基づき、新たな複合施設の今後の整備方針を示す基本計画の策定に向けて、市民の皆さんに説明を行うとともに意見を伺います。

日時：10月12日(土)10時?
場所：環境交流スクエア(水島愛あいサロン)
対象：市内在住・通勤・通学の人
定員：100人
申込方法：10月9日(水)までに、本紙の二次元コードから電子申請か市コールセンター【電話】426-3030へ電話で。

問合せ：本庁公共施設再編整備支援室
【電話】426-3134"
岡山県倉敷市,2024.09.01,広報くらしき 2024年9月号,市戦没者追悼式を開催,イベント,"戦没者に哀悼の意を表し、平和を祈念します。無宗教献花方式。誰でも参列可。平服で構いませんが、華美なものは避けてください。自家用車での来場不可。公共交通機関を利用してください。

日時：10月8日(火)10時?11時半
場所：市民会館
申込方法：9月13日(金)までに、住所・氏名・電話番号をはがきで。多数の場合は調整

問合せ：本庁福祉援護課(〒710-8565西中新田640)
【電話】426-3321"
岡山県倉敷市,2024.09.01,広報くらしき 2024年9月号,倉敷ファッションフロンティア「繊博」の参加者募集,イベント,"繊維産業に興味を持つ学生などを対象に、産地ツアーなどを行うイベント「繊博」を開催します。デニム・学生服など多彩な繊維製品の産地である県内の「ものづくりの現場」の空気感や技術力の高さなど、繊維産地の魅力を感じることができるイベントです。
申込方法：8月30日(金)に公開するホームページから電子申請で。

■オンライン繊維産地ツアー
産地の技術力の高さや働きがいなど「産地で働く魅力」を紹介する番組を配信
配信期間：9月30日(月)?10月11日(金)
申込締切：9月18日(水)

■リアル繊維産地ツアー
実際に産地企業を巡って「ものづくりの現場」を見学
日にち：11月12日(火)・15日(金)・18日(月)・20日(水)
定員：先着80人
申込締切：10月31日(木)

■学生ピッチコンテスト
繊維産業のアイデアやビジネスプランをプレゼン形式で競うピッチコンテスト
日にち：1月18日(土)
場所：倉敷ファッションセンター
申込締切：11月1日(金)

問合せ：
倉敷ファッションセンター【電話】474-6800
本庁商工課【電話】426-3405"
岡山県倉敷市,2024.09.01,広報くらしき 2024年9月号,くらしきハーモニーフェスタの参加者募集,イベント,"「生涯にわたる女性をはじめとした健康支援」をテーマに開催します。手話通訳・要約筆記あり

日時：10月19日(土)12時?16時
場所：ライフパーク倉敷
参加費：無料
申込方法：10月3日(木)(必着)までに、本庁総合案内・男女共同参画課、各支所、ライフパーク倉敷、各公民館、ウィズアップくらしき(天満屋倉敷店6階)などにある申込書を、FAXか郵送で。市ホームページから電子申請や市コールセンター【電話】426-3030へ電話も可。多数の場合は抽選
託児：1歳?就学前。10人。要申し込み。多数の場合は抽選

■メインイベント〔13時半?15時35分〕
内容：
・第1部…瀬島貴子氏(セラピスト)によるセルフケア体験「プロのセラピストから学ぶ　男女共同参画は心身の健康からはじまる!!」
・第2部…宋美玄氏(産婦人科医)による講演「男性にも知っておいてほしい　女性のライフステージと健康」
定員：500人

■展示〔12時?16時〕
市男女共同参画推進センター登録団体などによるパネル展示、男女共同参画マンガ展など

問合せ：本庁男女共同参画課(〒710-8565西中新田640)
【電話】426-3105【FAX】426-0990"
岡山県倉敷市,2024.09.01,広報くらしき 2024年9月号,保育士試験準備研修会の受講者募集,講座,"保育士の資格を取得したい人を対象にした、保育士試験に必要な基礎知識を習得するための研修会です。詳しくは、受講案内で確認を。
※この研修の受講により、必ず資格などが取得できるわけではありません。

初回開催日時：10月12日(土)10時?。全13回
場所：ライフパーク倉敷
定員：20人。多数の場合は抽選
受講料：無料
申込期間：9月2日(月)?13日(金)
受講案内：市保育士・保育所支援センター(本庁保育・幼稚園課内)、市ホームページで配布

問合せ：本庁保育・幼稚園支援室
【電話】426-3367"
岡山県倉敷市,2024.09.01,広報くらしき 2024年9月号,「高梁川でつながる 森・里・川・海の力」の参加者募集,イベント,"地域資源を生かしたまちづくりの取り組みを学ぶエコツアーを開催します。午前のみ・午後のみの参加も可。詳しくは、市ホームページで確認を。

日時：10月5日(土)10時?17時
場所：新見市役所南庁舎他(新見市)
内容：
・セミナー(午前)…高梁川流域の各地域の活性化に向け、工夫して活動する人たちによる講演
・エコツアー(午後)…羅生門探求コース、御殿町まち歩きコース、備中神代和紙の手すき体験コース
・全体振り返り(午後)
対象：高梁川流域圏域に在住・通勤・通学の人
定員：40人
参加費：無料
申込方法：市ホームページから電子申請かFAXで。多数の場合は抽選

問合せ：本庁環境政策課
【電話】426-3391【FAX】426-6050"
岡山県倉敷市,2024.09.01,広報くらしき 2024年9月号,高梁川流域・婚活スキルアップセミナー・イベントの参加者募集,イベント,"申込方法など詳しくは、ホームページで確認を。
対象：25歳?45歳の独身男女で、高梁川流域圏域の市町在住・通勤の人または今後、高梁川流域圏域内での結婚を希望している人

◆スキルアップセミナー
セミナー後、男女合同の「プチ交流会」を予定しています。

◇男性向け「会話術andデートプランニング」
日時：9月15日(日)11時半?12時半
場所：ホテル1-2-3倉敷
内容：初対面の相手と途切れずに会話を続ける方法など
受講料：無料

◇女性向け「ピッタリの相手がわかる素質学」
日時：9月15日(日)13時半?14時半
場所：ホテル1-2-3倉敷
内容：自分自身を分析し、自分にピッタリの相手を見つけるための考え方など
受講料：無料

◆マッチングイベント「BBQ×くら婚」
日時：10月20日(日)11時?15時
場所：水車の里フルーツトピア(矢掛町)
参加費：2,500円
申込期限：10月6日(日)

問合せ：
イベントについて…(有)チアーズ【電話】461-0506
婚活支援事業について…本庁くらしき移住定住推進室【電話】426-3153"
岡山県倉敷市,2024.09.01,広報くらしき 2024年9月号,新自然史博物館・ライフパーク倉敷整備基本計画(案)のパブリックコメントを募集,くらし,"寄せられた意見は、市の考えと共に公表します(氏名などは非公表)。電話での意見の受け付けや個別の回答は行いません。

閲覧・募集期間：8月27日(火)?9月26日(木)必着
閲覧場所：自然史博物館、本庁生涯学習施設再編整備室・情報公開室、市民学習センター、児島・玉島・水島の各支所総務課、庄・茶屋町・船穂の各支所、真備支所市民課、市ホームページ
応募資格：市内在住・通勤・通学の人、市内に事務所または事業所を有する法人・個人事業者、この案の利害関係者
提出方法：問い合わせ先へ郵送かFAX、Eメール、持参で。持参による提出の受け付けは、休館日を除く

問合せ：自然史博物館(〒710-0046中央2-6-1)
【電話】425-6037【FAX】425-6038
【E-mail】musnat@city.kurashiki.okayama.jp"
岡山県倉敷市,2024.09.01,広報くらしき 2024年9月号,市立美術館・自然史博物館・科学センターの観覧料がキャッシュレスで支払えるようになります,くらし,"9月3日(火)から、市立美術館・自然史博物館・科学センターの観覧料などが、キャッシュレスで支払えるようになります。
詳しくは、各施設のホームページで確認してください。

利用できる決済サービス：クレジットカード、交通系電子マネー、iD、QUICPay、PayPay、d払い、au PAY、楽天ペイ、J-coinなど

問合せ：
市立美術館【電話】425-6034
自然史博物館【電話】425-6037
科学センター【電話】454-0300
(本紙の二次元コード参照)"
岡山県倉敷市,2024.09.01,広報くらしき 2024年9月号,市マンション管理士派遣制度を開始,くらし,"管理組合運営や維持管理などの問題を抱えるマンション管理組合などに対し、マンション管理士を派遣する制度を開始します。管理に必要な知識・情報などを提供し、管理組合の自立的運営や適切な管理を支援します。詳しくは、市ホームページで確認するか問い合わせを。

相談内容：
・管理組合の設立や運営、管理規約
・管理費や修繕積立金などの会計
・管理委託契約などの契約
・大規模修繕計画や長期修繕計画の作成・見直し
・その他マンションの維持管理
派遣対象：市内のマンション管理組合(組織化されていない場合は、同一マンションの3人以上の区分所有者で構成されるグループ)
派遣人数・時間・回数：1回当たり2人・2時間以内・同一マンションに年度内2回まで。
派遣費用：無料
申請期間：9月1日(日)?1月31日(金)。予算の上限に達した時点で受け付けを終了
申請方法：管理組合などで派遣に関する決議を行った後に、所定の申請書を郵送かFAX、Eメール、持参で。

問合せ：本庁住宅課(〒710-8565西中新田640)
【電話】426-3531【FAX】427-3536
【E-mail】hsng@city.kurashiki.okayama.jp"
岡山県倉敷市,2024.09.01,広報くらしき 2024年9月号,市大学連携講座「血液検査結果の見方?気になる!脂質編」の受講者募集,講座,"日時：10月9日(水)14時?15時半。オンライン受講可(後日配信)
場所：ライフパーク倉敷
講師：栗林太氏(川崎医科大学教授)
対象：高梁川流域圏域に在住・通勤・通学の人
定員：50人
受講料：無料
申込方法：9月24日(火)までに市ホームページから電子申請で。(1)講座名(2)郵便番号(3)住所(4)氏名(ふりがな)(5)年齢(6)電話番号を電話かEメールも可。3人まで。多数の場合は抽選
※オンライン受講希望の場合は、市ホームページから電子申請か、件名を「オンライン受講申込」とし、上記(1)?(6)をEメールで。

問合せ：本庁企画経営室
【電話】426-3055
【E-mail】plnpol@city.kurashiki.okayama.jp"
岡山県倉敷市,2024.09.01,広報くらしき 2024年9月号,電気製品からの火災に気を付けましょう!,くらし,"電気製品からの出火が原因の火災が増えています。次のポイントに注意し、火災予防を心掛けましょう。
・充電式の電気製品(スマートフォン・モバイルバッテリー・掃除機など)を充電する際は、製品購入時に付属されているメーカー指定の充電器や純正品のバッテリーを必ず使用する。
・使用していない電気製品の差し込みプラグは、コンセントから抜く。
・電気コードが家具などの下敷きになったり、押し付けなどにより傷ついたりしないように注意する。
・電気コードを束ねたり、ねじれたままの状態で使用しない。
・電源タップ(テーブルタップ)の電気容量を超えないように、電気製品に表示されている電気量を確認して接続する。
・長年使用している電気製品は、普段から小まめに掃除し、経年劣化や異音などの異常の有無を定期的に確認する。

問合せ：消防局予防課
【電話】426-1194"
岡山県倉敷市,2024.09.01,広報くらしき 2024年9月号,9月21日?30日は秋の交通安全市民運動,くらし,"期間中、各地で交通安全の普及啓発活動を実施します。一人一人が交通ルールを守り、交通マナーを実践して交通事故をなくしましょう。スローガン、重点は市ホームページに掲載

■交通安全推進大会
市内の各地区で式典や交通安全に関するイベントを行う予定です。
・倉敷地区…9月21日(土)9時半?11時半(予定)、倉敷マスカットスタジアム屋外イベント広場で。
・児島地区…9月21日(土)9時半?12時半、児島市民交流センターで。
・玉島地区…9月14日(土)10時?12時、玉島支所で。
・水島地区…9月15日(日)9時半?11時半、水島公民館で。

■交通マナー向上作戦
9月25日(水)7時半?8時半(予定)、市内全域の主要な交差点などで交通安全を呼び掛けます。

問合せ：本庁生活安全課
【電話】426-3275"
岡山県倉敷市,2024.09.01,広報くらしき 2024年9月号,がん患者のウィッグなどの購入に対する助成を開始,くらし,"がんと診断され、がん治療による脱毛によりウィッグを購入した人や、がん治療で乳房を切除し、胸部補整具を購入した人に対する助成を行っています。詳しくは、市ホームページで確認するか問い合わせを。

助成対象：いずれも令和6年7月1日以降に購入し、購入日から1年以内のもの
・ウィッグ…全頭用ウィッグ
・胸部補整具…補整下着(パッドを含む)、人工乳房(体内に埋め込まれたものを除く)。
助成金額：購入金額の2分の1(千円未満切り捨て、上限3万円)
助成回数：ウィッグ・胸部補整具ごとにそれぞれ1回限り

問合せ：市保健所健康増進センター
【電話】434-9866"
岡山県倉敷市,2024.09.01,広報くらしき 2024年9月号,農地利用最適化推進委員の募集,しごと,"応募資格・応募方法など詳しくは、募集要項か市ホームページで確認を。

任期：委嘱の日?令和8年4月21日
応募資格：農地などの利用の最適化の推進に熱意と識見があり、担当区域で活動できる人。他にも要件あり
募集区域(区域の詳細)・募集人数：倉敷西2(白楽町、老松町1丁目?5丁目、田ノ上、田ノ上新町、沖、沖新町、堀南、西中新田、笹沖、吉岡、浦田、福井、東富井、西富井、上富井、四十瀬)・1人、倉敷西3(黒石、八軒屋、粒浦、東粒浦、粒江、粒江団地)・1人
報酬：月額39,000円に、農地利用の最適化に係る活動実績に応じて年額84,000円以内で市長が定める額を加算した額
受付期間：9月2日(月)?30日(月)必着

問合せ：本庁農業委員会事務局
【電話】426-3895"
岡山県倉敷市,2024.09.01,広報くらしき 2024年9月号,9月1日?10日は屋外広告物適正化旬間,くらし,"国土交通省では、毎年9月1日?10日を「屋外広告物適正化旬間」と定め、屋外広告物の適正管理の促進に向けて、屋外広告物法や同法に基づく条例の普及啓発、違反広告物に対する意識啓発を図っています。
この機会に屋外広告物についての理解を深めて、自身が設置している看板などが掲出ルールに沿ったものか確認しましょう。また、台風シーズンが到来しているため、看板落下などの事故防止について、今一度安全点検しましょう。屋外広告物について詳しくは、市ホームページで確認を。

問合せ：本庁都市景観室
【電話】426-3494"
岡山県倉敷市,2024.09.01,広報くらしき 2024年9月号,HPVワクチンキャッチアップ接種(無料接種)期間は令和7年3月31日まで!,健康,"HPVワクチンは、子宮頸(けい)がんの原因となるヒトパピローマウイルス(HPV)の感染を防ぐワクチンです。HPVワクチンの接種を逃した人に接種の機会を提供しています。合計3回の接種完了までに約6カ月を要します。無料で接種完了するためには、遅くとも9月末までに1回目のワクチン接種を開始する必要があります。

対象：平成9年4月2日?20年4月1日生まれの女性で、過去にHPVワクチンの接種を合計3回受けていない人
接種回数：間隔を空けて、原則同じ種類のワクチンを合計3回接種
接種費用：キャッチアップ接種期間内であれば無料。期間終了後(令和7年4月1日以降)は任意接種となり、全額自己負担
接種方法：市ホームページに掲載の実施医療機関へ直接予約して接種

問合せ：市保健所保健課
【電話】434-9810"
岡山県倉敷市,2024.09.01,広報くらしき 2024年9月号,介護予防事業の教室受講者募集,講座,"詳しくは、問い合わせを。
期間：10月?12月
場所：くらしき健康福祉プラザ
対象：市内在住の65歳以上
受講料：無料
申込方法：9月7日(土)までに本人または同居家族が、電話か窓口で。1人1教室。多数の場合は抽選

■転倒予防教室
◇はつらつコース
日時：毎週(火)10時?・14時?、毎週(水)10時?、毎週(金)10時?、毎週(土)14時?
内容：自宅でも続けられる運動、健康講話など
定員：各25人

◇男のはつらつコース
日時：毎週(土)10時?
内容：自宅でも続けられる運動、健康講話など
定員：25人

◇はつらつコース(椅子コース)
日時：毎週(土)14時?
内容：自宅でも続けられる椅子を使った運動、健康講話など
定員：15人

◇ステップコース
日時：毎週(金)10時?
内容：マットの上を決められたステップで歩くスクエアステップなど
定員：16人

■食とお口の嚥(えん)むすび教室
日時：毎週(金)14時?
内容：講話、調理実習、そしゃく力の確認、健口体操など
定員：12人

■認知症予防教室ぴんしゃん倶楽部
日時：毎週(金)14時?
内容：認知機能の確認、認知症予防の運動や講話、脳力トレーニングなど
定員：25人

問合せ：くらしき健康福祉プラザ介護予防事業(笹沖180)
【電話】434-9861"
岡山県倉敷市,2024.09.01,広報くらしき 2024年9月号,倉敷市の人口と世帯,その他,"(令和6年7月31日現在)

人口：474,061[-193]
男：231,051[-88]
女：243,010[-105]
世帯数：221,004[+21]
面積：356.07平方キロメートル"
岡山県倉敷市,2024.09.01,広報くらしき 2024年9月号,9月の納期限,くらし,"9月の納期限：9/30(月)
・固定資産税・都市計画税(第3期分)
・国民健康保険料(普通徴収第4期分)
・介護保険料(普通徴収第4期分)
・後期高齢者医療保険料(普通徴収第3期分)"
岡山県倉敷市,2024.09.01,広報くらしき 2024年9月号,くらしの情報 子育て,子育て,"■地域で子育て応援講座「子どもの育ちに応じたかかわりを考える?発達支援・相談の現場から」の受講者募集
キッズスペースあり。無料
日時：10月8日(火)10時?12時
場所：くらしき健康福祉プラザ
講師：重松孝治氏(川崎医療福祉大学講師)
定員：40人
持参品：筆記用具
申込方法：9月9日(月)?、地域子育て支援センター真備かなりや(真備町辻田261-3)【電話】698-7566へ電話か窓口で。

問合せ：市子育て支援センター
【電話】434-9865

■子育て安心シリーズ講座の受講者募集
テーマは「ライフステージごとに大切なことを知ろう」。詳しくは、市ホームページで確認を。
日時：10月19日(土)9時45分?12時15分
場所：くらしき健康福祉プラザ
対象・定員：18歳未満の子どもの保護者・30人
申込方法：氏名・連絡先・子どもの年齢を電話かEメールで。

問合せ：市総合療育相談センター「ゆめぱる」
【電話】434-9882
【E-mail】ksrsc@city.kurashiki.okayama.jp

■まびいきいきプラザのイベント参加者募集
持参品など詳しくは、ホームページで確認するか問い合わせを。
場所：まびいきいきプラザ
申込方法：9月11日(水)12時15分?、電話か窓口で。

◇にこにこヨガ　1歳クラス
日時：10月10日(木)10時半?11時15分
対象・定員：おおむね1歳?2歳前の子どもと保護者・先着10組
受講料：無料

◇就学前　親子で水慣れ
日時：10月12日(土)11時半?12時15分
対象・定員：おむつが完全に取れている就学前の子どもと保護者・先着7組
受講料：500円

◇産後ヨガとベビーマッサージ
日時：10月24日(木)11時?12時
対象・定員：首座り頃?1歳前後の子どもと保護者・先着8組
受講料：500円

◇親子でおもいっきり製作体験　変身!ハロウィンの衣装作り
日時：10月14日(祝)10時半?12時
対象・定員：未就学児と保護者・10組
受講料：700円

問合せ：まびいきいきプラザ(真備町川辺2271)
【電話】698-1555"
岡山県倉敷市,2024.09.01,広報くらしき 2024年9月号,くらしの情報 保健・福祉(1),講座,"■障がい児と馬のふれあい体験教室の参加者募集
日にち：11月9日(土)(雨天時は16日(土))
場所：水島中央公園
対象：市内在住・通学の障がい児(小・中学生に当たる年齢の人)と兄弟姉妹
定員：100人
参加費：無料
申込方法：9月27日(金)(必着)までに、市社会福祉協議会各事務所、本庁障がい福祉課にある申込用紙で。市ホームページから電子申請も可。多数の場合は抽選

問合せ：同実行委員会事務局(市社会福祉協議会内)
【電話】434-3301

■ガイドヘルプボランティア養成講座の受講者募集
日時：9月29日(日)9時半?16時半
場所：くらしき健康福祉プラザなど
内容：講話、ガイドヘルパー「手のひら」による実技演習
定員：先着20人
受講料：600円(昼食代・保険料含む)。要別途実技代
申込方法：9月25日(水)までに電話か窓口で。

問合せ：倉敷ボランティアセンター(笹沖180)
【電話】434-3350

■はじめての手話講座の受講者募集
日時：10月8日?3月25日の毎週(火)13時半?15時半
場所：市障がい者福祉センター
定員：先着15人
受講料：無料(教材費実費)
申込方法：9月20日(金)までに電話で。

問合せ：市障がい者福祉センター
【電話】422-1349

■福祉用具「秋の特設コーナー」
「認知症の方の見守りグッズ」をテーマに、認知症ケアの最新機器を展示。入場無料
日時：9月?11月((月)(祝)(休)除く)9時?17時
場所：くらしき健康福祉プラザ

問合せ：くらしき健康福祉プラザ保健福祉相談室
【電話】434-9849

■「いきいきふれあいフェスティバル」運営ボランティア募集
主催者が保険に加入
日にち：10月20日(日)
場所：水島緑地福田公園
内容：交通整理、会場設営、イベント手伝い、片付け、場内アナウンスなど
申込方法：9月7日(土)までに電話で。

問合せ：倉敷ボランティアセンター
【電話】434-3350

■市総合福祉事業団の正規職員募集
給与や勤務条件など詳しくは、受験案内で確認を。
職種・定員・採用予定日：保育士・1人程度・4月1日
受験資格：
(1)平成7年4月2日以降に生まれた短大卒業以上
(2)保育士の資格がある(取得見込み可)
(3)普通自動車を運転できる免許がある(AT限定可。取得見込み可)
受付期間：9月3日(火)?10月1日(火)。9月27日(金)の消印有効
一次試験：10月18日(金)
受験案内：くらしき健康福祉プラザで配布

問合せ：市総合福祉事業団総務課
【電話】434-9850"
岡山県倉敷市,2024.09.01,広報くらしき 2024年9月号,くらしの情報 保健・福祉(2),講座,"■国保特定健診を受けて　ストップ!重症化!
成人の7人に1人は、慢性腎臓病(CKD)といわれています。ワンコイン500円で受けられる国保特定健診であなたがCKDかどうか分かります。健診を受けて、あなたの健康状態をチェックしましょう。

問合せ：本庁国民健康保険課
【電話】426-3281

■生きがい対応型デイサービス事業の受講者募集
詳しくは、問い合わせを。
対象：市内在住のおおむね60歳以上の1人暮らしの人などで、介護保険の認定を受けていない人
定員：各12人
受講料：無料(教材・材料費実費)
申込方法：9月7日(土)までに本人か同居家族が窓口か電話で。1人1講座。当事業の重複申し込み不可。多数の場合は抽選

◇リラックスヨガ(郷内憩の家)
日時：10月9日?の毎週(水)9時45分?11時15分。全18回

◇こころ・からだ元気UP体操(連島北憩の家)
日時：10月15日?の毎週(火)9時45分?11時15分。全21回

◇リフレッシュ(若返り)体操(笹沖憩の家)
日時：10月18日?の毎週(金)9時45分?11時15分。全21回

問合せ：くらしき健康福祉プラザ介護予防事業(笹沖180)
【電話】434-9861

■倉敷市シルバー人材センターからのお知らせ
◇入会説明会
自分の都合に合わせて働きたい、技術や経験を生かしたい、いくらか収入を得たいなど、働く意欲がある60歳以上の人、会員になりませんか。オンラインでの入会説明会参加も可
日時・場所：
・9月11日・10月9日(水)14時?…市シルバー人材センター本部・同センター真備支所
・9月13日(金)10時?…玉島市民交流センター
・10月8日(火)10時?…倉敷同センター船穂連絡所
・10月11日(金)10時?…水島愛あいサロン(環境交流スクエア)

◇仕事募集
家事援助サービス、屋内外の清掃、水やり、施設管理など、さまざまな仕事の注文を随時受け付け

◇生活支援訪問サービス従事者研修の受講者募集
日時：9月25日(水)・26日(木)10時?16時。全2回
場所：倉敷市シルバー人材センター本部
内容：高齢者の日常の困り事を解決するための生活支援技術を習得
対象：市内在住のおおむね60歳以上
受講料：無料
申込方法：9月17日(火)までに、同センター本部へ電話で。

問合せ：
倉敷市シルバー人材センター本部【電話】426-3318
本庁健康長寿課【電話】426-3315

■訪問看護師実地研修の受講者募集
日にち・場所・内容：
(1)看護体験前、自宅で。テキストで事前学習
(2)令和7年3月中旬までに1日(6時間)、市内訪問看護ステーションで事前説明後、訪問先で看護体験
対象：市内在住で看護師資格があり、訪問看護への就業希望者
定員：25人
受講料：無料
申込方法：岡山県訪問看護ステーション連絡協議会【電話】086-238-6688へ電話で。

問合せ：本庁介護保険課
【電話】426-3343

■見え方お助け便利グッズ展の参加者募集
日時：10月5日(土)10時?12時
場所：くらしき健康福祉プラザ
内容：目の病気や加齢による見えにくさを軽減できる便利グッズの展示・体験、視覚障がい当事者の体験談など
参加費：無料
申込方法：Eメールか電話、窓口で。当日受け付けも可

問合せ：くらしき健康福祉プラザ視能訓練室(笹沖180)
【電話】434-9885
【E-mail】miekata@kgwc.or.jp

■市障がい者デイサービスセンターの講座受講者募集
場所：市障がい者デイサービスセンター
対象：市内在住の18歳以上で、身体障がい者手帳を持つ人、または障害者総合支援法の対象となる難病患者
定員：各10人
受講料：無料(教材費実費)
申込方法：9月21日(土)までに電話かFAX、Eメールで。多数の場合は抽選

◇10月からの講座
・もっと使えるパソコン1…毎週(土)10時?12時
・もっと使えるパソコン2…毎週(土)13時?15時
・はじめてのパソコン…毎週(土)15時半?17時

◇開講中の講座
・フラワーアレンジメント1…毎月第1(火)13時?14時半
・フラワーアレンジメント2…毎月第2(水)13時?14時半
・キラキラビーズアート…毎月第3(水)10時?12時
・絵手紙アート…毎月第1(木)13時?15時
・ほっこり編み物…毎月第2・4(木)13時?15時
・リラックス健康講座…毎月第3(木)13時?14時半
・囲碁で脳トレ…毎週(金)10時?12時
・書に親しむ…毎月第1・3(金)13時半?15時半

問合せ：市障がい者デイサービスセンター
【電話】434-9855【FAX】434-9856
【E-mail】plazaday@kgwc.or.jp"
岡山県倉敷市,2024.09.01,広報くらしき 2024年9月号,9月?11月は児島湖流域環境保全推進期間,くらし,"■児島湖流域環境保全推進ポスターコンクール展
日時・場所：
・9月10日(火)?20日(金)((土)(日)(祝)除く)8時半?17時15分・本庁1階展示ホール
・10月1日(火)?10日(木)((土)(日)除く)9時?17時・環境学習センターエコギャラリー

■実践しよう!生活排水対策
家庭から流れ出た生活排水は、川・湖沼・海の汚れの主な原因となっています。川は水道水や農業・工業用水の水源として、海は豊富な魚介類の漁場として、私たちの暮らしを支えています。生活排水の汚れを減らしましょう。

■家庭でできる工夫
・作り過ぎない、食べ残しをしない
・三角コーナーやストレーナーにクリーンネットなどを取り付ける
・洗剤の使用量を減らす
・汚れのひどい食器は、キッチンペーパーなどで汚れを取ってから洗う
・米のとぎ汁は、畑や庭木の散水などに使う
・みだりに廃食用油を流さない(県条例で禁止されており、過料5万円以下の罰則があります)

問合せ：本庁環境政策課
【電話】426-3391"
岡山県倉敷市,2024.09.01,広報くらしき 2024年9月号,くらしの情報 環境・リサイクル,くらし,"■リサイクル体験講座の受講者募集
場所：クルクルセンター
申込方法：講座名、住所、氏名、電話番号、年齢・学年を電話かFAX、はがき、窓口で。多数の場合は抽選

◇多肉植物でお洒落(しゃれ)な寄せ植え?ウッドボードにデニムのウォールポケット
日時：10月3日(木)10時?12時
対象：小学3年生以下は保護者同伴
定員：10人
材料費：千円
申込締切：9月12日(木)

◇ステンドグラスで可愛(かわい)いガーデンピック
日時：10月4日(金)10時?12時
対象：中学生以上
定員：6人
材料費：千500円
申込締切：9月13日(金)

◇ヒンメリ?岡山産の麦わらで作るフィンランドの伝統装飾
日時：10月19日(土)10時?12時
対象：小学3年生以下は保護者同伴
定員：12人
材料費：700円
申込締切：9月28日(土)

問合せ：クルクルセンター(〒711-0912児島小川町3697-4)
【電話】470-6681【FAX】470-6685

■家庭用品再利用銀行
品物の提供は無料でお願いします。再利用銀行では品物を引き取ることはできません。最新の登録品は本紙の二次元コードで確認を。新規受け付けは9月末で終了

問合せ：クルクルセンター
【電話】470-6681

■粗大ごみ自己搬入困難世帯の特別収集(真備地区)
収集：10月、粗大ごみのみ
対象：自動車がなく近隣に親族などがいない世帯で、次の(1)?(4)のいずれかに該当する世帯
(1)生活保護世帯
(2)65歳以上の高齢者のみ
(3)ひとり親で子どもが未成年
(4)身体障がい者手帳1・2級を持つ人がいる
申込方法：9月30日(月)までに電話か窓口で。

問合せ：真備支所市民課(真備町箭田1141-1)
【電話】698-1114"
岡山県倉敷市,2024.09.01,広報くらしき 2024年9月号,くらしの情報 文化・産業・観光,講座,"■児島産業振興センターの講座受講者募集
場所：児島産業振興センター

◆水曜・金曜講座
時間：初級・中級…13時半?15時半、上級…13時半?16時。各全6回
対象：上級は中級修了者
定員：各先着6人
申込方法：9月9日(月)10時?、電話で。
材料：実費。着物地は各自で用意(用意できないときは相談を)

◇初級「ミシン訓練からイージーパンツ」
日にち：10月2日?11月6日の毎週(水)
受講料：3千300円

◇中級「着物リメイクジャンパースカート」
日にち：11月13日?12月18日の毎週(水)
受講料：3千300円

◇中級「着物リメイクチュニック」
日にち：
(1)1月8日?2月19日の毎週(水)(2月12日除く)
(2)10月4日?11月8日の毎週(金)
受講料：各3千300円

◇上級「着物リメイクブラウス」
日にち：11月15日?12月20日の毎週(金)
受講料：4千400円

◇上級「着物リメイクスーツ」
日にち：1月10日?2月14日の毎週(金)
受講料：4千400円

◆土曜・日曜講座
日時：10月5日?12月22日の毎週(土)(日)13時?16時(11月9日・10日・23日・24日除く)。受講は1カ月につき2回まで。
内容：工業用ミシン訓練、バッグなどの小物自由制作
対象：ミシン未経験者も可
定員：各先着5人
受講料：1回660円(材料費実費。持ち込み可)
申込方法：9月11日(水)10時?、電話で。

問合せ：児島産業振興センター
【電話】441-5123

■親子漁業体験学習の受講者募集
対象・定員：高梁川流域圏域在住の小学生と保護者。各15組30人
受講料：1組5千円(昼食・水産物の土産付き)
申込方法：9月18日(水)までに、本庁農林水産課・各支所産業課にある申込書を問い合わせ先に郵送か持参で。市ホームページから電子申請も可。多数の場合は抽選

◇底びき網漁の見学・漁船への乗船
日時：10月5日(土)8時半?13時
集合場所：児島漁業協同組合

◇定置網漁の見学・漁船への乗船
日時：10月26日(土)8時半?13時
集合場所：黒崎連島漁業協同組合

問合せ：本庁農林水産課
【電話】426-3425

■市文化振興財団の職員を募集
受験資格や勤務条件など詳しくは、受験案内で確認を。
職種・定員・採用予定日：事務職・2人程度・4月1日
受験資格：平成7年4月2日以降に生まれた高校卒業以上(卒業見込み可)または同程度の学力を有する人で、普通自動車を運転できる免許がある(AT限定可。取得見込み可)
申込締切：10月3日(木)12時
受験案内：同財団ホームページまたは問い合わせ先で配布

問合せ：市文化振興財団
【電話】434-0505

■籐(とう)を使ったクラフト教室の受講者募集
日時：9月15日(日)10時?11時半
場所：鷲羽山ビジターセンター
定員：5人
受講料：無料
申込方法：9月9日(月)までに電話で。

問合せ：鷲羽山ビジターセンター
【電話】479-8660

■文化振興基金助成金を利用しませんか
市内在住・通勤・通学の個人や市内で活動する文化団体が行う意欲的な芸術・文化活動に助成します。詳しくは、市ホームページで。
対象事業・申請期間：10月1日?令和7年3月31日に実施する事業は9月2日(月)?30日(月)必着。ただし、全国大会出場に伴うものは出場までに申請が必要

問合せ：本庁文化振興課
【電話】426-3075

■親子農業体験学習の受講者募集
場所：やた体験型農園
対象・定員：高梁川流域圏域在住の小学生と保護者。各15組30人
受講料：1組3千円(収穫・調理・実食・農産物の土産付き)
申込方法：9月24日(火)までに、本庁農林水産課・各支所産業課にある申込書を問い合わせ先に郵送か持参で。本紙の二次元コードから電子申請も可。多数の場合は抽選

◇有機野菜(枝豆)の収穫体験・調理・実食(ピザと枝豆ごはんなど)
日時：10月19日(土)9時?12時

◇有機野菜(サツマイモ)の収穫体験・調理・実食(ピザと焼きいもなど)
日時：11月2日(土)9時?12時

問合せ：本庁農林水産課
【電話】426-3425

■高梁川流域連携中枢都市圏事業「ジーンズ縫製実践講座」の受講者募集
ジーンズ・デニムの産地である倉敷市と井原市が連携した創業・就業支援講座。実習形式でジーンズを制作する他、縫製・洗い加工・織布の技術を学ぶ工場見学あり。申込書はホームページから入手可
日時：
・縫製講座…
(1)11月2日(土)・3日(祝)・9日(土)・10日(日)10時?16時、倉敷会場で。
(2)11月9日(土)・10日(日)・23日(祝)・24日(日)10時?16時、井原会場で。
・工場見学…11月25日(月)9時?17時
場所：
・倉敷会場…児島産業振興センター
・井原会場…多賀(株)
定員：(1)(2)各5人
対象：高梁川流域圏域でジーンズ職人・縫製工を目指している人、ジーンズ関連の創業をしたい人・創業間もない人・復職希望の人。ミシン初心者可
受講料：2万円(学生は1万円)。全5回分
申込締切：9月30日(月)必着。多数の場合は書類選考

問合せ：
倉敷ファッションセンター【電話】474-6800
本庁商工課【電話】426-3405"
岡山県倉敷市,2024.09.01,広報くらしき 2024年9月号,くらしの情報 建設,講座,"■くらしき都市緑化フェアの教室受講者募集
日にち：10月20日(日)。雨天決行。警報発令の場合は中止
場所：倉敷みらい公園
定員：各12人
申込方法：9月13日(金)(必着)までに、教室名・希望時間・郵便番号・住所・氏名・年齢・電話番号を、はがきかFAX、Eメールで。多数の場合は抽選

◇多肉植物の寄せ植え
時間：(1)10時半?(2)12時半?(3)14時半?。各20分
対象：小学4年生以上
受講料：300円

◇環境にやさしいエコ鉢のインテリア盆栽
時間：(1)10時?(2)12時?(3)14時?。各30分
対象：小学4年生以上
受講料：無料

◇竹の花器づくりと花の寄せ植え
時間：(1)10時?(2)11時?。各30分
対象：小学4年生以上
受講料：500円

◇プリザーブドフラワー体験
時間：(1)10時?(2)11時?(3)13時?(4)14時?。各30分
対象：小学4年生以上
受講料：500円

◇ちびっこ木工
時間：(1)9時半?(2)10時半?(3)11時半?(4)13時?(5)14時?。各40分
対象：3歳以上
受講料：無料

◇市民ふれあい花壇の会アドバイザーによる寄せ植え
時間：(1)10時?(2)11時?(3)13時?。各40分
対象：小学生以上(保護者同伴可)
受講料：500円

◇みんなで倉敷みらい公園にある樹木を学ぼう!
時間：(1)10時?(2)11時?(3)13時?。各30分
対象：5歳以上
受講料：無料

問合せ：本庁公園緑地課
【電話】426-3495【FAX】434-6665
【E-mail】pkmng@city.kurashiki.okayama.jp

■「市マンションセミナーand個別相談会」の受講者募集
日時：10月5日(土)10時?12時
場所：ウィズアップくらしき(天満屋倉敷店6階)
内容：西村禎之氏(アルファステイツ岡山駅前管理組合前理事長)による講演「マンションの防災とコミュニティ」、マンション管理士による個別相談会(希望者のみ)
対象：市内のマンションに住んでいる人、マンション管理者など
定員：先着40人。相談会は先着5組
受講料：無料
申込方法：9月20日(金)までに本庁住宅課・市ホームページにある申込書をEメールかFAXで。

問合せ：本庁住宅課
【電話】426-3531【FAX】427-3536
【E-mail】hsng@city.kurashiki.okayama.jp"
岡山県倉敷市,2024.09.01,広報くらしき 2024年9月号,市民農園の利用者募集,くらし,"募集場所など：
<img class=""alignnone size-full wp-image-8841510"" src=""https://mykoho.jp/wp-content/uploads/2024/08/sn_kurashiki240901_1.png"" alt="""" width=""273"" height=""116"" />
対象：市内在住の農園利用に意欲のある人(農地所有者・他の市民農園利用者を除く)。1世帯1区画
利用期間：令和7年4月1日?10年3月31日
申込方法：9月2日(月)?17日(火)に、申込用紙で。市ホームページから電子申請も可

問合せ：本庁農林水産課
【電話】426-3425"
岡山県倉敷市,2024.09.01,広報くらしき 2024年9月号,くらしの情報 人権,くらし,"■「フィールtheライブ!」の参加者募集
手話通訳・要約筆記あり。要入場整理券
日時：11月2日(土)14時?15時45分
場所：ライフパーク倉敷
内容：自閉症のアーティスト石村嘉成氏によるライブドローイングと、父親の石村和徳氏による講演「アーティスト石村嘉成のキセキ?発達障がいのわが子と歩んで」
定員：400人
参加費：無料
申込方法：10月10日(木)(必着)までに、人数(3人まで)・氏名・住所・電話番号を郵送かFAX、市コールセンターへ電話で。市ホームページから電子申請も可。多数の場合は抽選

問合せ：本庁人権推進室
【電話】426-3255【FAX】426-0990"
岡山県倉敷市,2024.09.01,広報くらしき 2024年9月号,ほのぼの家族No.317 人生が楽しくなったよ,くらし,"祖母：知り合いに、夜間中学に通っている90歳過ぎの女性がいらっしゃるのよ。
健太：夜間中学って、なあに?
祖母：公立中学校の夜間学級のことをいうのよ。
父：元々は、戦後の混乱期に、経済的な事情などで学校に通えなかった人のためにできたそうだよ。
祖母：その方も、学びたかったんだけど、学校には、ほとんど通えなかったんですって。だから、小学校の内容から、丁寧に教えてもらっているそうなの。
母：それに、日本で生活している外国人の方も、大学生のボランティアを先生役として、熱心に日本語などを学んでいるらしいわ。
父：最近では、中学校を卒業したことになっていても、いろいろな理由で、十分に学校に通えなかった人たちの学び直しの場にもなっているそうだよ。
祖母：その方も以前は漢字や計算が苦手で、バスに乗るときや、お店での買い物の際に困っていたんだけど、学んでからは生活そのものが楽しくなったそうなの。
健太：そうかぁ…。当たり前のように思っていたけど、学校で勉強できるって大事なことなんだね。
母：そうよ。それに学ぶってことは、自分の夢や人生を切り開いていくことにもつながっていくのよ。
真理：私も分かるような気がする。夜間中学は、その人たちにとって、なくてはならない学校なんだね。
父：そうだね。その女性や外国人の方、ある段階で学ぶことができなくなった人たちなどが、それぞれの能力に応じて、生き生きと学べる場が必要なんだよ。

※ご感想などは、本庁人権推進室【電話】426-3255へ。"
岡山県倉敷市,2024.09.01,広報くらしき 2024年9月号,くらしの情報 スポーツ,スポーツ,"■スポーツ振興協会の教室・イベント参加者募集
受講料・申込方法など詳しくは、ホームページで。

◇秋季スポーツ教室
教室内容など詳しくは、ホームページか市内運動公園などにあるチラシで確認を。
申込締切：9月11日(水)必着

◇体験!トランポリン
日時：10月19日(土)
(1)9時半?11時
(2)11時15分?12時45分
場所：玉島の森体育館
対象・定員：市内在住・通学の小学生・各28人
申込締切：9月30日(月)必着

◇高梁川流域連携中枢都市圏事業「高梁川流域市町を巡る健康づくりウォーキング(井原市)」
日時：10月20日(日)9時45分?
コース：井原市を巡るコース(約8キロメートル)
対象・定員：高梁川流域圏域在住の人・100人
申込締切：9月30日(月)必着。多数の場合は抽選

◇K・G・G(倉敷グラウンド・ゴルフ)大会
道具の無料貸し出しあり
日時：10月27日(日)9時?
場所：市グラウンド・ゴルフ場
対象・定員：市内在住・通勤・通学の小学生以上、先着100人。小学生は保護者同伴
申込方法：9月2日(月)9時?10月17日(木)17時に、電話で。

◇グラウンド・ゴルフ初心者研修会
道具の無料貸し出しあり
日時：10月27日(日)13時?
場所：市グラウンド・ゴルフ場
対象・定員：市内在住・通勤・通学の小学生以上、先着50人。小学生は保護者同伴。倉敷グラウンド・ゴルフ大会参加者は不可
申込方法：9月2日(月)9時?10月17日(木)17時に、電話で。

◇市民あるく日
10月13日(日)、庄支所8時45分集合。楯築遺跡(約8キロメートル)。申し込み不要

問合せ：スポサポ
【電話】434-3410

■市屋内水泳センターからのお知らせ
受講料・申込方法など詳しくは、ホームページで。

◇こどもスイミング
申込期間：9月20日(金)?10月5日(土)
対象：年中組園児?小学生

◇親子水泳教室
日時：
(1)9月23日(休)11時半?12時15分
(2)10月14日(祝)11時半?12時15分
対象・定員：3歳以上の子どもと保護者・11組
申込開始日：
(1)9月6日(金)
(2)9月25日(水)

◇臨時休館
期間：9月1日(日)?7日(土)

問合せ：市屋内水泳センター
【電話】424-9192

■児島マリンプールからのお知らせ
受講料・申込方法など詳しくは、ホームページで。

◇大人体験教室
期間：9月2日(月)?27日(金)
クラス：初心者(泳げない人)?マスターズ(記録会参加)

◇こども水泳教室(水慣れクラスは予約のみ)
期間：10月7日(月)?11月23日(祝)
対象：身長110センチメートル以上の5歳以上

◇水球体験
日時：第1・2(月)、毎週(火)(木)18時半?19時半
対象：小・中学生

◇児島マリンプールフェスティバル
日時：9月23日(休)
内容：清水咲子氏(リオデジャネイロオリンピック400メートル個人メドレー8位)による特別プールレッスンなど

◇臨時休館
期間：9月28日(土)?10月6日(日)

問合せ：児島マリンプール
【電話】472-0133

■総合型地域スポーツクラブの会員募集
子どもから高齢者まで、身近な地域で、それぞれの志向・レベルに合わせてスポーツに親しむことのできる、新しいタイプのスポーツクラブです。地域住民により自主的・主体的に運営されている団体です。

◇児島マリンスポーツクラブ
詳しくは、同クラブ(児島マリンプール内)【電話】472-0133へ。
場所：児島マリンプール
内容：
・子ども教室…体操・空手・ダンス・バトンなど
・大人教室…ヨガ・エアロビクス・各種ダンス・健康体操など

◇たけのこスポーツ広場
詳しくは、守屋氏【電話】090-2867-7130へ。
場所：真備地区の施設
内容：マレットゴルフ・卓球・体操・自彊術(じきょうじゅつ)・ニュースポーツ

問合せ：本庁スポーツ振興課
【電話】426-3855

■まびいきいきプラザの運動教室受講者募集
受講料・申込方法など詳しくは、ホームページで。

◇運動教室(10月?12月)
内容・日時：
・からだスッキリヨガ…(月)9時45分?
・青竹ステップ…(金)9時45分?など

◇小学生ダンス教室　1から始めるヒップホップクラス
日にち：10月?12月の毎週(木)
対象・時間：
・小学1年?3年生…18時?19時
・小学4年?6年生…19時10分?20時10分

◇小学生水泳教室(10月?12月)
教室：水慣れ・クロール初級、息継ぎクロール、クロール・背泳ぎ、4泳法

◇腸活エクササイズ
日時：10月12日(土)10時半?11時半

◇カラダ整えるエクササイズ
日時：10月19日(土)10時半?11時半

問合せ：まびいきいきプラザ
【電話】698-1555"
岡山県倉敷市,2024.09.01,広報くらしき 2024年9月号,くらしの情報 安全・安心,講座,"■応急手当普及員講習会の受講者募集
日時：10月12日(土)?14日(祝)8時半?17時半
場所：消防局
内容：応急手当に関する知識・技法を正しく普及するリーダーを養成
対象：事業所などで応急手当の指導に従事しようとする市消防局管内(倉敷市・早島町・浅口市金光町)に在住・通勤・通学している中学生以上で、全日程受講できる人。医師・看護師は不可
定員：先着20人
受講料：無料
申込方法：9月2日(月)?27日(金)に本紙の二次元コードから電子申請で。

問合せ：消防局警防課
【電話】426-1192"
岡山県倉敷市,2024.09.01,広報くらしき 2024年9月号,くらしの情報 教育,子育て,"■倉敷っくコンサートの参加者募集
詳しくは、ホームページで。申し込み不要
日時：10月6日(日)14時?15時半
場所：倉敷公民館
内容：軽部りつこ(オカリーナ)・村上慈(バイオリン)・原真奈美(ピアノ)による気軽に楽しめるクラシックコンサート
対象：小学生以上
定員：先着200人
参加費：無料

問合せ：倉敷公民館
【電話】423-2135

■市奨学生の募集
対象：
・貸し付け…応募資格の(1)?(4)の全てを満たす人
・返還一部免除型貸し付け…応募資格の(1)?(5)の全てを満たす人
・給付…応募資格の(1)?(4)の全てを満たす人
応募資格：
(1)本人または家族が市内に1年以上在住
(2)高校・大学など(返還一部免除型貸し付けは大学)に在学中
(3)成績優秀で経済的に修学が困難
(4)本人と家族に市税の滞納がない
(5)卒業後に倉敷市に居住し、市の定める職種に就き市内で就業する意思がある
申込方法：9月2日(月)?27日(金)に、必要書類を問い合わせ先へ持参で。郵送不可
募集要項：県内大学・短期大学、市内高校・中学校、教育委員会学事課、各支所、市ホームページなどで配布

◇貸し付け
卒業後に返還が必要。無利子
貸付金額・採用予定人数：
・大学・短期大学など…月4万円・34人
・高校など…月1万円・7人

◇返還一部免除型貸し付け
卒業後に返還が必要。一定の条件を満たせば返還額が半額免除。無利子
貸付金額・採用予定人数：大学・短期大学など…月4万円・3人

◇給付
返還不要
給付金額・採用予定人数：
・大学・短期大学など…月8千円・4人
・専修学校…月8千円・3人

問合せ：教育委員会学事課
【電話】426-3825

■学校給食試食会の参加者募集
日時：10月31日(木)10時45分?12時半
場所：倉敷中央学校給食共同調理場
献立：ごはん、牛乳、すきやき、れんこんの梅肉あえ
対象：市内在住の人
定員：35人
参加費：310円
持参品：エプロン、三角巾、マスク、筆記用具、箸
申込方法：9月17日(火)?25日(水)に市ホームページから電子申請で。多数の場合は抽選

問合せ：倉敷中央学校給食共同調理場
【電話】436-7341"
岡山県倉敷市,2024.09.01,広報くらしき 2024年9月号,くらしの情報 市政,くらし,"■年金生活者支援給付金の請求を忘れずに
年金生活者支援給付金は、公的年金の収入やその他の所得が一定基準以下の年金受給者を支援するため、年金に上乗せして支給されるものです。年金生活者支援給付金に関して、年金事務所・市・日本年金機構から、電話での案内は原則行いません。詐欺などには十分に注意してください。
対象者：老齢・障害・遺族基礎年金のいずれかを受給しており、所得制限などの要件を満たす人。すでに支給されている人は手続き不要
請求方法：新たな対象者には、請求書(はがき)が日本年金機構から9月ごろより順次送付されます。必要事項を記入し、郵送してください。

問合せ：
年金生活者支援給付金専用ダイヤル【電話】0570-05-4092
本庁市民課国民年金係【電話】426-3291
倉敷東年金事務所【電話】423-6150"
岡山県倉敷市,2024.09.01,広報くらしき 2024年9月号,市からの情報を発信中!,くらし,"■月刊くらしき情報局
9月27日(金)16時50?17時50、「ライブ5時いまドキッ!」(RSK山陽放送6ch)内で。倉敷小町がスタジオに生出演。番組放送後、RSK山陽放送公式YouTubeチャンネルでも配信

■サイクリングで倉敷めぐり?真備コース
9月23日(休)7時12分?7時41分、BSテレ東(BS7ch)で。13時55?14時25分、TSCテレビせとうち(7ch)で。小野桃果氏(TSCアナウンサー)が真備町を自転車で巡りながら、まびふれあい公園やにぎわい創出に取り組む人々を紹介します。番組放送後、TSCテレビせとうち公式YouTubeチャンネルでも配信

問合せ：本庁くらしき情報発信課
【電話】426-3061"
岡山県倉敷市,2024.09.01,広報くらしき 2024年9月号,ボートレース児島9月のレース情報,イベント,"・GIIIオールレディース　マンスリーBOAT RACE杯争奪第36回瀬戸の女王決定戦…9月24日(火)?29日(日)

■28日(土)・29日(日)はボートレースマルシェ
全国のボートレース場がある地域の特産品を集めたマルシェ。定番のお菓子やご当地レトルトカレーなどが勢ぞろい!
※カレーはその場では食べられません。

■レース開催中の(土)(日)(祝)(休)はBOAT RACE VRスプラッシュバトルやキッズイベントを開催!

ボートレース児島の収益金は、倉敷市民の皆さんの暮らしに役立っています。

問合せ：ボートレース児島
【電話】472-5052"
岡山県倉敷市,2024.09.01,広報くらしき 2024年9月号,図書館,くらし,"■〔check〕利用してください!「はーとふるコーナー」
大きな文字で読みやすい大活字本と、本を耳で楽しむCDブックを1カ所にまとめた「はーとふるコーナー」ができました。誰でも借りることができるので、ぜひ立ち寄ってみてください。

問合せ：玉島図書館
【電話】526-6011

■9月の催し
各図書館では、休館日を除く毎日、絵本や紙芝居の読み聞かせをしています。詳しくは、各図書館へ。

◇中央図書館【電話】425-6030
・ボランティアによる読み聞かせ…3日(火)11時?。7日(土)11時?。14日(土)14時半?。24日(火)11時?。26日(木)11時?。28日(土)14時半?
・英語で楽しむおはなし会…7日(土)16時?
・絵本の扉0.1.2…13日(金)11時?。0歳?2歳児と保護者。先着10組
・おはなしいっぱいストーリーテリング…21日(土)14時半?。4歳?
・おはなしむかしむかし…28日(土)10時半?

◇児島図書館【電話】472-4847
・えほんのへや…7日(土)10時半?
・めるへんのへや…7日(土)14時半?
・おりがみひろば「いろえんぴつ」…14日(土)14時半?
・くにおじいちゃんのかみしばい…28日(土)11時?
・おはなしひろばスペシャル…28日(土)14時半?
・読み聞かせボランティア入門講座※…10月4日(金)10時?。読み聞かせの初心者。5人
・コラージュのブックカバーを作ろう※…10月19日(土)11時?・14時?。各4人。持参品あり

◇玉島図書館【電話】526-6011
・ワイド版こどものひろば…14日(土)11時?
・あかちゃんのひろば0・1・2…19日(木)11時?
・Story　Time?英語絵本のよみきかせ…28日(土)11時?・16時?。講師はカスティロ彩美氏
・認知症サポーター養成講座※…28日(土)14時?。15人

◇水島図書館【電話】446-6918
・防災の日・おはなし会…1日(日)14時半?
・水島絵本の部屋…5日(木)10時半?
・ポケットタイムかみしばいのじかん…7日(土)10時半?
・ポケットタイムスペシャル?つきのおはなし…15日(日)14時半?
・ポケットタイム0・1・2…20日(金)10時半?。乳幼児と保護者。先着5組
・読み手のための紙芝居の会…20日(金)11時?
・ねえ、おはなしして?ストーリーテリング…28日(土)14時半?。4歳?
・おもちゃであ・そ・ぼ!※…10月1日(火)10時?。講師は角谷純子氏。1歳?未就学児と保護者。10組

◇船穂図書館【電話】552-9300
・おはなしのへや0.1.2.…11日(水)11時?。乳幼児と保護者
・読み聞かせボランティア入門講座※…19日(木)10時半?。読み聞かせの初心者。4人
・おりがみのへや…21日(土)10時半?。3歳?。先着4人

◇真備図書館【電話】698-9393
・こどものほんクイズ…1日(日)?29日(日)
・おひざにだっこのおはなし会…6日(金)11時?。0歳?2歳児と保護者。先着5組
・移動図書館マビッ子笑顔図書館号がやってくる!…14日(土)10時?
・つながる!つながろ!おはなし会…14日(土)11時?。演じ手は倉敷市子ども文庫交流会。先着30人
・わくさんのえいごの絵本のおはなし会…14日(土)14時?。小学生以下。未就学児は保護者同伴。先着10人
・真備の歴史を知ろう!?明治時代…28日(土)14時?。講師は市歴史資料整備室職員。15人。受け付け中

■9月の移動図書館　ファミリー号・てまり号・マビッ子笑顔図書館号
・貸出期間は、次回運行日まで。
・各図書館、ライフパーク倉敷図書室、市内26カ所の公民館へ本を返すこともできます。
倉敷児童館…5日(木)10：40?11：30
庄新町公民館…5日(木)15：00?16：00
藤戸南台公園…5日(木)15：30?16：00
穂井田小学校…6日(金)15：00?16：00
西田公民館…11日(水)15：15?15：45
まびいきいきプラザ…13日(金)10：30?11：00
柳井原小学校…18日(水)14：30?15：10
南浦小学校…25日(水)15：00?16：00
連島北小学校…27日(金)10：20?10：50

休館日：2日(月)(船穂・真備図書館のみ)、9日(月)、16日(祝)、23日(休)、27日(金)、30日(月)
申し込み：※は5日(木)9時から受け付け(船穂・真備図書館は10時から)。先着順。電話番号は間違いのないようにお願いします。

問合せ：図書館
中央【電話】425-6030
児島【電話】472-4847
玉島【電話】526-6011
水島【電話】446-6918
船穂【電話】552-9300
真備【電話】698-9393"
岡山県倉敷市,2024.09.01,広報くらしき 2024年9月号,市立美術館,文化,"■〔check〕特別展「まるごと馬場のぼる展　描いた　つくった　楽しんだ　ニャゴ!」
9月1日(日)まで。絵本「11ぴきのねこ」シリーズの作者として知られる漫画家・馬場のぼるの代表的な漫画や絵本の原画の他、50年間描きためた秘蔵のスケッチブック、絵画や立体作品などを展示。特別料金

■〔check〕特別展「高橋秀展　創造・はるかなる彼方(かなた)へ」
9月28日(土)?12月8日(日)。生命感あふれるダイナミックな作風で知られる玉島地区在住で文化功労者の美術家・高橋秀の作品の中から、令和5年度に新たに収蔵した29点の作品を中心に展示。特別料金

■池田遙邨コーナー展示
◇夏休み・絵日記を描こう!
9月1日(日)まで。遙邨が描いた絵日記や、夏の季節感豊かな作品を紹介。観覧無料

◇池田遙邨の屏風(びょうぶ)?名所巡り
9月3日(火)?11月4日(休)。倉敷屏風祭に合わせて、当館が収蔵する池田遙邨の2曲屏風「浜名湖今切」などを展示。観覧無料

休館日：2日(月)・9日(月)・17日(火)・24日(火)・30日(月)

問合せ：市立美術館
【電話】425-6034"
岡山県倉敷市,2024.09.01,広報くらしき 2024年9月号,自然史博物館,文化,"■〔check〕特別展「ぼくらのまちの7つのみどり」
10月14日(祝)まで。通常料金

◆関連イベント
◇特別展解説andまちなかで水草観察
9月15日(日)10時?11時半。小学生以下は保護者同伴。先着20人。5日(木)から電話で申し込み。通常料金

◇特別展解説andまちなかで「ツヤツヤの森」観察
9月28日(土)10時?11時半。小学生以下は保護者同伴。先着20人。18日(水)から電話で申し込み。通常料金

■高梁川流域花めぐり?西の尾瀬　鯉が窪湿原
9月7日(土)10時半?14時半、鯉が窪湿原(新見市)で。希少種を含む多様な植物が自生する初秋の湿原を歩きます。中学生以下は保護者同伴。先着40人。保全活動協力金200円。6日(金)まで電話で受け付け中

■ミズアオイ観察とネイチャーゲーム
9月22日(祝)10時?12時、加須山で。ミズアオイの花の観察やネイチャーゲームを通じて、ミズアオイの保護活動や取り巻く自然を楽しく学ぼう。小学生以下は保護者同伴。先着50人。無料。6日(金)から電話で申し込み

■楽しい魚採り
10月19日(土)10時?12時、酒津で。魚の上手な採り方や扱い方、よく似た魚の見分け方などを学ぼう。中学生以下は保護者同伴。抽選で同居の家族10組。無料。往復はがきで10月4日(金)(消印有効)までに申し込み

■しぜんしくらしき賞作品募集
9月22日(祝)まで。高校生以下の子どもたちが作った自然史の標本作品を募集

休館日：2日(月)・9日(月)・17日(火)・24日(火)・30日(月)
電話での申し込み：受付開始日の10時半?開催日前日の17時に受け付け(休館日除く)。詳しくは、ホームページで確認を。

問合せ：自然史博物館
【電話】425-6037"
岡山県倉敷市,2024.09.01,広報くらしき 2024年9月号,児童館,子育て,"各児童館のホームページでは、開館状況・催しのスケジュールが確認できます。また、催しの様子や遊びの情報、工作などの情報も紹介していますので、確認してください。

問合せ：
倉敷児童館【電話】429-1791
倉敷北児童センター【電話】422-6539
児島児童館【電話】473-2844
玉島児童館【電話】526-3400
水島児童館【電話】448-0650
真備児童館【電話】697-0831"
岡山県倉敷市,2024.09.01,広報くらしき 2024年9月号,ライフパーク倉敷,講座,"■9月の催し
◇市民学習センター【電話】454-0011
・ランチタイムコンサート　土と木の饗宴(きょうえん)?オカリーナand箏の響き…14日(土)12時?。大ホール。出演はオカリーナカルテット鬼、原野学。小学生以下は保護者同伴。先着200人。無料。申し込み不要
・サンデー倶楽部「ふんわり可愛(かわい)い☆マシュマロパンダ作り」…22日(祝)10時?。小学生以下は保護者同伴。先着24人。500円。当日10時から受け付け
・子どもシアタースペシャル「ズートピア」…10月5日(土)(1)10時?11時50分(2)13時半?15時20分。大ホール。小学生以下は保護者同伴。各400人。無料。9月3日(火)から電子申請で申し込み。詳しくは、市民学習センターホームページで。

◇図書室【電話】454-0015
・おはなしタイム…毎週(火)?(金)10時半?、毎週(土)(日)(祝)14時半?(5日(木)・13日(金)・21日(土)・26日(木)除く)
・おはなしタイム0.1.2.…5日(木)10時半?。0歳?2歳児と保護者
・ちょこっとおりがみタイム…毎週(土)10時半?
・おはなしとんとん…13日(金)10時半?。乳児?。茶華道室
・ストーリーテリングの会…21日(土)14時半?
・もくもくのおはなし…26日(木)10時半?

◇科学センター【電話】454-0300
・わくわく工作室「バランストンボ」…14日(土)13時?15時。12時半から整理券配布
・わくわく実験室「シャボン玉まつり」…28日(土)13時?15時。屋外。12時半から整理券配布

◇科学センタープラネタリウム・全天周映画【電話】454-0300
内容は定期的に更新。詳しくは、科学センターホームページか電話で確認を。
<img class=""alignnone size-full wp-image-8841523"" src=""https://mykoho.jp/wp-content/uploads/2024/08/sn_kurashiki240901_2.png"" alt="""" width=""287"" height=""114"" />
※料金は大人500円、高校生350円、小・中学生250円

◇たけのこ天文台(真備図書館屋上)
14日(土)に開館。小学生以下は保護者同伴。無料。前日までに科学センター【電話】454-0300へ電話で申し込み

■10月開講の講座
申し込みは、本紙の二次元コードから電子申請か、往復はがき(1枚1講座、6人まで)に講座名・郵便番号・住所・氏名(ふりがな)・電話番号・年齢(学校名・学年)を記入し、開講日の2週間前(必着)までに各センター(〒712-8046福田町古新田940)へ郵送で。多数の場合は抽選。詳しくは、「ライフパークEYE」かホームページで。
<img class=""alignnone size-full wp-image-8841524"" src=""https://mykoho.jp/wp-content/uploads/2024/08/sn_kurashiki240901_3.png"" alt="""" width=""786"" height=""449"" />

休館日：2日(月)・9日(月)・17日(火)・24日(火)・30日(月)
図書室のみ休み：27日(金)

問合せ：ライフパーク倉敷
市民学習センター【電話】454-0011
図書室【電話】454-0015
科学センター【電話】454-0300
埋蔵文化財センター【電話】454-0600"
岡山県倉敷市,2024.09.01,広報くらしき 2024年9月号,相談のページ 生活,くらし,"《本庁》は本庁生活安全課で実施

(1)市民相談
《本庁》・《支所》(月)?(金)8時半?17時15分

(2)消費生活相談
消費契約のトラブル、多重債務の整理方法。本庁消費生活センター【電話】426-3115(相談専用)。(月)?(金)8時半?17時。予約優先

(3)一般法律相談(予約制)
弁護士による。《本庁》(火)(水)13?16時《支所》児島・水島4日・18日(水)、玉島11日・25日(水)13?16時。予約は相談日の前週の(木)8時半?【電話】426-3111、または《本庁》窓口で受け付け。1年度(4月?翌年3月)に1人1回30分、倉敷市民に限る。

(4)交通事故相談
◇相談員による。《本庁》交通事故相談所【電話】426-3110(相談専用)(月)?(金)9?12時・13?16時。予約優先
◇弁護士による。《本庁》(水)13?16時。予約制。予約方法は一般法律相談と同じ

(5)登記相談(予約制)
◇司法書士による相続・登記など。《本庁》5日・19日(木)13?16時《支所》児島・玉島26日(木)13?16時
◇土地家屋調査士による登記・境界など。《本庁》5日・19日(木)13?16時《支所》水島26日(木)13?15時。予約は【電話】426-3111または《本庁》窓口で随時受け付け

(6)司法書士による少額法律相談(予約制)
訴額140万円以内の金銭の貸借など。《本庁》9日(月)・27日(金)13?16時。予約は【電話】426-3111、または《本庁》窓口で随時受け付け

(7)不動産相談
県宅地建物取引業協会相談員による。不動産の賃貸借・売買など。《本庁》6日・20日(金)10?12時・13?15時

(8)住宅建築相談
県建築工事業協会相談員による。建築全般に関する困りごとなど。《本庁》27日(金)10?12時・13?15時

(9)年金・労務相談
社会保険労務士による。《本庁》26日(木)13?16時

(10)行政書士による相談
相続・遺言、著作権、外国人の入国・在留手続きなど。《本庁》9月は休み

(11)行政相談
行政相談委員による。国・特殊法人への要望、苦情、相談など。《本庁》9日(月)10?12時《支所》真備2日(月)9?12時、玉島9日(月)9?12時、茶屋町11日(水)9?11時、水島17日(火)13?16時、児島19日(木)13?16時、船穂19日(木)13時半?16時

(12)原爆被爆者相談
県原爆被爆者会相談員による。《本庁》12日(木)《支所》児島11日(水)。いずれも9?12時

■年金相談(予約制)
19日(木)10?12時・13?16時。児島支所401会議室。予約は、倉敷東年金事務所【電話】423-6150。問い合わせは、児島支所市民課【電話】473-1112

■なやみごと(人権)相談
人権擁護委員による。《本庁》9月は休み《支所》茶屋町11日(水)9?11時、水島12日(木)10?15時、児島19日(木)13?16時、船穂19日(木)13時半?16時、玉島・庄・旧真備保健福祉会館は9月は休み。岡山地方法務局倉敷支局【電話】422-9679、本庁人権推進室【電話】426-3255

■保健福祉相談
保健福祉相談室(くらしき健康福祉プラザ)【電話】434-9849。(火)?(日)((祝)(休)除く)9?17時15分。福祉用具、住宅改造モデルの展示・体験コーナーもあり

■介護保険相談
本庁介護保険課【電話】426-3343、児島・玉島・水島の各保健福祉センター国保介護課、真備保健福祉課。(月)?(金)((祝)(休)除く)8時半?17時15分

■なやみ相談
ウィズアップくらしき(天満屋倉敷店6階)【電話】435-5670。(火)?(土)9?17時半。面接相談は【電話】435-5750(要予約)。DV、離婚、家庭での悩みなど

■女性の弁護士による法律相談
ウィズアップくらしき【電話】435-5750。12日・19日(木)13?16時。予約は5日(木)9時?。電話予約のみ、10人。DV、離婚に関することなど

■心理カウンセリング
臨床心理士による。ウィズアップくらしき【電話】435-5750。26日(木)13?16時。電話予約のみ、3人

■結婚相談
倉敷・高梁川流域マリッジサポートセンター【電話】427-0667。(火)?(日)((祝)(休)除く)9?17時(要予約)

■日常生活自立支援事業
市社会福祉協議会(くらしき健康福祉プラザ)【電話】434-3364。(火)?(日)((祝)(休)除く)8時半?17時15分。福祉サービスの利用手続き・支払いの支援

■生活自立相談
市生活自立相談支援センター(くらしきシティプラザ西ビル)【電話】427-1288。(月)?(金)((祝)(休)除く)9?17時。仕事や生活に困っている人を支援

(1)、(3)?(12)の問い合わせ先
《本庁》本庁生活安全課【電話】426-3111
《支所》児島【電話】473-1112・玉島【電話】522-8128・水島【電話】446-1112・真備【電話】698-1115の各支所市民課
※全て(土)(日)(祝)(休)は休み
※(3)?(12)は中止する場合があります。詳しくは、本庁生活安全課へ問い合わせてください。"
岡山県倉敷市,2024.09.01,広報くらしき 2024年9月号,相談のページ 仕事,しごと,"■市内保育園・認定こども園・幼稚園への就職相談
市保育士・保育所支援センター(本庁保育・幼稚園課内)【電話】426-3021。(月)?(金)((祝)(休)除く)8時半?17時

■職業情報提供コーナー
《支所》水島【電話】446-1904。(月)?(金)((祝)(休)除く)8時半?12時・13?17時

■内職
社会福祉事業団【電話】422-1254。(月)?(金)((祝)(休)除く)9?12時・13?16時

■就職相談
◇ワークプラザたましま(玉島支所)
【電話】522-8131。(月)?(金)((祝)(休)除く)8時半?17時。ハローワークによる職業紹介あり

◇ジョブカフェおかやま(本庁舎西側第2分室)
【電話】434-2321。(月)?(金)((祝)(休)除く)9?16時受け付け。要予約

◇くらしき地域若者サポートステーション(くらしきシティプラザ西ビル5階)
【電話】486-5162。(月)?(金)、第1・3(土)((祝)(休)除く)9?17時

■労働相談
ライフサポートセンターくらしき(倉敷労働会館)【電話】427-8822。(月)(水)(金)10?17時。要予約。電話相談　フリーダイヤル【電話】0120-60-3412"
岡山県倉敷市,2024.09.01,広報くらしき 2024年9月号,相談のページ 子ども,子育て,"■子育て支援相談
市子育て支援センター(くらしき健康福祉プラザ)【電話】434-9870

◇保育士・保健師相談
(火)?(土)((祝)(休)除く)、第2・4(日)9?17時

◇臨床心理士特別相談
28日(土)9?16時(要予約)

■家庭児童相談
家庭児童相談員による。家庭児童相談室(倉敷【電話】426-3366・児島【電話】473-1119・玉島【電話】522-8118・水島【電話】446-1114・真備【電話】698-5114)。(月)?(金)9?16時。玉島は(水)除く。真備は(水)のみ。本庁子ども相談センター【電話】426-3330

◇こどもあいカード(小学生に配布)
フリーダイヤル【電話】0120-15-1155。子ども自身からの相談に応じます。8時半?22時

◇児童虐待についての相談
本庁子ども相談センター【電話】426-3337。8時半?17時15分(休日・夜間は宿直へ転送)

◇赤ちゃん相談ダイヤル
フリーダイヤル【電話】0120-21-4152。9?17時

■教育相談
教育センター(ライフパーク倉敷)【電話】454-0400。(月)?(土)9?12時・13?16時。育児、しつけ、学業、交友関係、不登校、進路、発達障がいに関することなど

■青少年の相談
青少年育成センター(月)?(金)((祝)(休)除く)9?17時。いじめ、不登校、引きこもり、家庭内暴力、非行、進路、学校生活、思春期の悩み、友人・親子関係など。どなたでも。相談は【電話】426-3741、来所、【E-mail】youngkokoro@kurashiki-oky.ed.jpで。

■ひとり親家庭相談
母子・父子自立支援員による。倉敷【電話】426-3358・児島【電話】473-1119・玉島【電話】522-8118・水島【電話】446-1114。(月)?(金)((祝)(休)除く)9?16時。要予約。本庁子育て支援課【電話】426-3314

■子どもの発達相談
市総合療育相談センター「ゆめぱる」(くらしき健康福祉プラザ)【電話】434-9882。(火)?(土)((祝)(休)除く)9?17時。発達や福祉サービスおよび発達検査などの相談。予約制"
岡山県倉敷市,2024.09.01,広報くらしき 2024年9月号,相談のページ 保健,健康,"■肝炎相談・検査
相談は市保健所保健課感染症係【電話】434-9810、倉敷【電話】434-9822・児島【電話】473-4371・玉島【電話】522-8113・水島【電話】446-1115・真備【電話】698-5111の各保健推進室で。検査は指定医療機関で。

■エイズ・性感染症相談・検査(匿名・無料)
相談はエイズホットライン【電話】434-9099、市保健所保健課感染症係【電話】434-9810、または各保健推進室で。検査は市保健所で。予約制。予約はエイズホットラインで。中止の場合は、市ホームページなどでお知らせします。

■心の健康相談
精神科医による。予約・相談は市保健所保健課精神保健係【電話】434-9823、または各保健推進室で。"
岡山県倉敷市,2024.09.01,広報くらしき 2024年9月号,相談のページ 高齢者,くらし,"■高齢者に関する総合相談(介護・保健・医療・福祉・認知症に関すること)
お住まいの地域の高齢者支援センターへ。センターの案内は、本庁健康長寿課地域包括ケア推進室【電話】426-3417"
岡山県倉敷市,2024.09.01,広報くらしき 2024年9月号,相談のページ 障がい者,くらし,"■障がい者定期相談
◇市障がい者相談員協議会事務所
【電話】441-6681【FAX】441-6682。
7日(土)13?16時(くらしき健康福祉プラザ)
13日(金)10?12時(旧真備保健福祉会館)

◇水島障がい者支援センター
【電話】440-3334。
7日(土)13?15時

◇玉島障がい者支援センター
【電話】525-7867。
8日(日)13時半?15時

◇児島障がい者支援センター
【電話】472-3855。
21日(土)13時半?14時半"
岡山県倉敷市,2024.09.01,広報くらしき 2024年9月号,相談のページ 外国人(がいこくじん),くらし,"■外国人相談(がいこくじんそうだん)
窓口(まどぐち)は本庁(ほんちょう)1階(かい)19番(ばん)。
電話相談(でんわそうだん)は【電話】426-3014。
(月)?(金)((祝)(休)除(のぞ)く)9時(じ)?17時(じ)。
英語(えいご)・中国語(ちゅうごくご)・ベトナム語(ご)など16言語(げんご)に対応(たいおう)"
岡山県倉敷市,2024.09.01,広報くらしき 2024年9月号,消費生活センターからのお知らせ,くらし,"リチウムイオン電池の取り扱いに注意!!

リチウムイオン電池は小型で大容量の電力を蓄えることが可能で、スマホやゲーム機器、携帯扇風機など身の周りの多くの製品に内蔵されています。リチウムイオン電池は取り扱いによっては破裂・発火するケースが報告されており、特に充電中の火災が多いので、注意してください。

■事例
携帯マッサージ器を充電中、突然発火した。すぐ気付いて消し止めたが、その上にかぶさっていた服などにも燃え移った。マッサージ器は2年ほど前に通信販売で購入。3カ月ほど前から調子が悪く、充電してもすぐ電池が切れてしまうので使用していなかったが、久しぶりに充電したところ発火した。

■アドバイス
・直射日光が当たる場所で長時間使用しない。例えば、携帯扇風機などを首から下げて長時間、日の当たる道を歩かない
・膨張、異臭、異音など異常を感じた場合はすぐ使用をやめる
・充電器やバッテリーは、製品に付属された物やメーカ一指定の商品を使用する
・充電中に熱くなる、充電が最後までできない、使用時間が短くなったなどの不具合があるときは、メーカーや販売店に相談する

問合せ：本庁消費生活センター
【電話】426-3115
(相談専用・来所する場合は予約優先)"
岡山県倉敷市,2024.09.01,広報くらしき 2024年9月号,保健のページ,健康,"■結核を「0(ゼロ)に」早めに見つけて、早めに治そう!9月24日?30日は結核予防週間
結核は昔の病気と思われがちですが、市では今も年間約50人が新たに結核と診断され、治療を受けています。結核菌に感染しても、免疫力により8?9割の人は発病しませんが、結核菌は数十年、体内で眠り続け、免疫低下などの発病の機会を待つしぶとい強さがあります。近年の新規患者の多くは70歳以上の高齢者で、加齢や病気などで体の抵抗力が弱っている人は注意が必要です。

◇結核の症状
肺結核の症状は咳やたん、微熱、体のだるさなど風邪とよく似ていますが、高齢者は症状が出ないこともあります。症状が2週間以上続く場合や、食欲が落ちた、元気がないなど、いつもと様子が違うと感じたときは早めに受診しましょう。

◇早期発見のため年1回は胸部レントゲン検診を受けましょう
早期に発見できると、重症化を防ぎ、周囲への感染を防ぐことができます。市では、40歳以上の人を対象に胸部レントゲン検診を実施しています。日程など詳しくは「倉敷けんしんガイド」で確認してください。また、精密検査が必要な場合は必ず受診しましょう。

◇結核を予防するには
健康的な生活が免疫力を高め、結核の予防につながります。
・適度な運動をする
・十分な睡眠をとる
・バランスの良い食事を心掛ける
・禁煙する

◇子どもの結核予防
BCG接種は子どもの結核予防に有効です。抵抗力の弱い乳児は、感染すると重症化する可能性があります。生後1歳までにBCGの定期接種を受けましょう。
参考：結核の常識2023(結核予防会)

問合せ：市保健所保健課感染症係
【電話】434-9810

■くらしき健康応援団講座?お一人様からOK講座「毎日がトレーニング?効率的ながら運動」の受講者募集
少人数や1人でも受講できるので、気軽に申し込んでください。詳しくは、市ホームページで確認を。
※おおむね10人以上のグループ・団体などは、「くらしき健康応援団講座?出前講座」を活用してください。
日時：9月20日(金)10時?11時半
場所：くらしき健康福祉プラザ
対象：市内在住・通勤・通学の人
内容：運動についての講話、家でできる運動体験、測定体験(足圧測定。9時半?10時)
定員：先着25人
申込方法：9月13日(金)までに電話で。託児を希望する人は申し込み時に申し出を。

問合せ：市保健所健康づくり課健康管理係
【電話】434-9820

■難病医療リハビリ相談会の参加者募集
日時：9月30日(月)13時半?16時
場所：市保健所
内容：医師などによる個別相談
対象：市内在住の、神経・筋系疾患の難病患者と家族
申込方法：9月13日(金)までに電話で。介助・車いすなどを希望する人は申し込み時に申し出を。

問合せ：市保健所保健課保健医療係
【電話】434-9812

■妊婦歯科健康診査
おやこ健康手帳と同時に妊婦歯科健康診査依頼票を交付しています。できるだけ体調が安定している時期に受診してください。無料
対象：市内在住の妊婦

問合せ：
市保健所健康づくり課【電話】434-9868
倉敷【電話】434-9822・児島【電話】473-4371・玉島【電話】522-8113・水島【電話】446-1115・真備【電話】698-5111の各保健推進室

■歯科医による歯科訪問健康診査
対象：市内在住で、疾病や障がいにより歯科医院への通院が困難な在宅療養者であり、訪問による歯科健康診査ができる人。家族の立ち会いが必要
料金：無料

問合せ：倉敷歯科医師会
【電話】422-2122

■野犬の捕獲に協力してください
保健所では野犬を捕獲するため、地域の協力により、餌を仕掛けたおりで捕獲しています。捕獲おり以外の場所で餌を与えると、捕獲おりに入らなくなるので餌をやらないよう協力をお願いします。

◇保護した野犬を新しい飼い主に譲渡しています
保健所では収容した犬の譲渡を推進しており、ボランティアと協力しながら全国の希望者に譲渡しています。ここ数年、殺処分0(ゼロ)を達成しています。

問合せ：市保健所生活衛生課動物管理係
【電話】434-9829"
岡山県倉敷市,2024.09.01,広報くらしき 2024年9月号,9月10日は世界自殺予防デー,くらし,"■一人で悩まず相談してください
9月10日?16日は「自殺予防週間」です。自殺に追い込まれる人は、健康・経済・家庭の問題などさまざまな要因が複雑に絡み合い、心理的に追い詰められ、自殺が唯一の解決法だと思うようになるといわれています。市でも令和4年には73人が自殺で亡くなっています。身近な人が悩んでいることに気付いたら、声を掛け、話を聴き、必要な支援につなぎ、見守ってください。このような役割を担う人のことを「ゲートキーパー」といいます。誰でもゲートキーパーになることができ、大切な命を支えることができます。

厚生労働省ホームページ「まもろうよこころ」
本紙の二次元コードを参照してください

◇(土)(日)(祝)(休)・年末年始を除く8時半?17時15分
市保健所保健課精神保健係【電話】434-9823
倉敷保健推進室【電話】434-9822
児島保健推進室【電話】473-4371
玉島保健推進室【電話】522-8113
水島保健推進室【電話】446-1115
真備保健推進室【電話】698-5111

◇24時間・年中無休
岡山いのちの電話協会【電話】086-245-4343
よりそいホットライン　フリーダイヤル【電話】0120-279-338

■生きるを支えるフォーラムの参加者募集
「声なきSOSを見逃さないために?自殺未遂の経験者から、今、伝えたいこと」をテーマに、自殺の現状について理解を深め、悩みを抱え込まず互いに支え合う地域づくりを考えます。手話通訳・要約筆記あり。無料
日時：10月26日(土)10時?12時
場所：くらしき健康福祉プラザ。動画配信もあり
内容：自殺未遂経験者からの基調講演とクロストーク
定員：250人
申込方法：10月18日(金)までに、市コールセンター【電話】426-3030へ電話か本紙の二次元コードから電子申請で。

問合せ：市保健所保健課精神保健係
【電話】434-9823"
岡山県倉敷市,2024.09.01,広報くらしき 2024年9月号,予約・受診は済みましたか?市のけんしん(生活習慣病予防健診・がん検診など)を実施中!,健康,"令和7年1月末まで(乳がん・子宮頸(けい)がん検診は3月末まで)、市が実施するけんしんを受けることができます。今年度も、生活習慣病予防健診はワンコイン500円で受診できます。
生活習慣病もがんも、最初は自覚症状がないまま進行します。定期的にけんしんを受けましょう。実施医療機関など詳しくは、「倉敷けんしんガイド」か市ホームページで確認を。

■国保特定保健指導は無料
国保特定健診の結果、生活習慣の改善が必要と判断された人に、市内実施機関で特定保健指導を行っています。対象者には利用券を送付します。特定保健指導では、医師・保健師・管理栄養士などがあなたに合った健康目標・取り組み方法を一緒に考えます。生活習慣病を放置すると深刻な病気を招く恐れがあります。この機会を利用し、生活習慣病を予防しましょう。

■乳がん・子宮頸がん検診の無料クーポン券を配布
20歳女性(平成15年4月2日?16年4月1日生まれ)に子宮頸がん、40歳女性(昭和58年4月2日?59年4月1日生まれ)に乳がんの「検診無料クーポン券」と「がん検診手帳」を8月上旬に郵送しました。届いた人は、ぜひ受診してください。受診の際は、必ずけんしん受診券を持参してください。

■歯周病検診
歯周病は、糖尿病などの全身疾患との関連が指摘されています。気付かないうちに進行し重症化することがあるので、この機会に受診して、早期発見に努めましょう。
対象：市内在住で、令和6年4月1日?7年3月31日に40・50・60・70歳になる人
期間：7年1月末まで
料金：
・40・50・60歳…800円
・70歳…300円

問合せ：
市保健所健康増進センター【電話】434-9866
倉敷【電話】434-9822・児島【電話】473-4371・玉島【電話】522-8113・水島【電話】446-1115・真備【電話】698-5111の各保健推進室"
岡山県倉敷市,2024.09.01,広報くらしき 2024年9月号,健康づくり事業の受講者募集,講座,"対象：市内在住・通勤・通学の18歳以上

■短期教室
◇栄養セミナー「腸活はじめよう!」
日時：いずれか1日
(1)10月24日(木)10時?12時(託児付き)
(2)25日(金)10時?12時
場所：くらしき健康福祉プラザ
内容：腸内環境を整える食材を使った調理実習
講師：津崎未来氏
定員：各先着24人
受講料：524円
材料費：開催日の1週間前までに800円を窓口で。
申込方法：9月7日(土)?本紙の二次元コードから電子申請で。14日(土)9時?電話か窓口も可

◇休養セミナー「夜のピラティス?月夜のピラティス」
日時：10月18日(金)18時?19時半
場所：くらしき健康福祉プラザ
内容：美しい姿勢を意識したピラティス
講師：乾香織氏
定員：先着20人
受講料：524円
申込方法：9月7日(土)?本紙の二次元コードから電子申請で。14日(土)9時?電話か窓口も可

◇おでかけ健康教室
内容：屋外でのヨガで心身共にリラックス
受講料：無料
申込方法：9月7日(土)?本紙の二次元コードから電子申請のみ

■月ヨガ
日時：10月16日(水)19時?20時
場所：くらしき健康福祉プラザ親水池横
定員：先着15人

■ビーチヨガ
日時：10月26日(土)10時?11時
場所：沙美海岸
定員：先着10人

問合せ：くらしき健康福祉プラザ健康づくり事業(笹沖180)
【電話】434-9875"
岡山県倉敷市,2024.09.01,広報くらしき 2024年9月号,すこやか子育て?健康診査と教室?,子育て,"参加する際の注意事項など詳しくは、市ホームページで確認を。
幼児健康診査の対象者は個別に通知します。

■1歳6カ月児健康診査
身体測定、内科・歯科健診、保健・歯科指導、栄養相談、アレルギー健診。無料
対象：令和5年2月生まれ
持参品：おやこ健康手帳、健康診査受診票、アレルギー健診用問診票、バスタオル
受付日時・場所：13時?14時
《倉敷》25日(水)・26日(木)、市保健所
《児島》4日(水)、児島保健福祉センター
《玉島》6日(金)、玉島保健福祉センター
《水島》17日(火)、水島保健福祉センター

問合せ：倉敷【電話】434-9822・児島【電話】473-4371・玉島【電話】522-8113・水島【電話】446-1115・真備【電話】698-5111の各保健推進室

■2歳児歯科健康診査
歯科健診、歯科指導、フッ素塗布(希望者のみ)。無料
対象(おおむねの目安)：令和4年8月生まれ
持参品：おやこ健康手帳、歯ブラシ、健康診査票、フッ素塗布に関する調査票、バスタオル
受付日時・場所：
《倉敷》9日(月)9時半?10時半・13時半?14時、市保健所
《児島》4日(水)9時半?10時、児島保健福祉センター
《玉島》6日(金)9時半?10時、玉島保健福祉センター
《水島》30日(月)13時?14時、水島保健福祉センター

問合せ：市保健所健康づくり課食育推進係
【電話】434-9868

■3歳児健康診査
身体測定、内科・歯科健診、視覚検査、保健・歯科指導、栄養相談、尿検査など。無料
対象：令和3年3月生まれ
持参品：おやこ健康手帳、健康診査受診票、尿、バスタオル
受付日時・場所：13時?14時
《倉敷》11日(水)・12日(木)、市保健所
《児島》5日(木)、児島保健福祉センター
《玉島》10日(火)、玉島保健福祉センター
《水島》18日(水)、水島保健福祉センター

問合せ：倉敷【電話】434-9822・児島【電話】473-4371・玉島【電話】522-8113・水島【電話】446-1115・真備【電話】698-5111の各保健推進室

■乳幼児教室
「子育てはじめの一歩教室」「離乳食と歯の教室」「子どものための歯の教室」の日程など最新の情報は、市ホームページで確認するか、問い合わせてください。

問合せ：
子育てはじめの一歩教室…倉敷【電話】434-9822・児島【電話】473-4371・玉島【電話】522-8113・水島【電話】446-1115・真備【電話】698-5111の各保健推進室
離乳食と歯の教室・子どものための歯の教室…市保健所健康づくり課食育推進係【電話】434-9868"
岡山県倉敷市,2024.09.01,広報くらしき 2024年9月号,子育てコラム 楽しい雰囲気で、偏食を防ぐ工夫をしてみましょう,子育て,"野菜の独特な香りや苦み、食感を苦手とする子どもは多く、対応に困る保護者も多く見られます。嫌いな物を強制するのは逆効果で、まずは子どもの様子を観察して、食べない理由を探ってみましょう。嫌いだからといってその食品を遠ざけてしまわず、一工夫して繰り返し食卓に出すことが大切です。すぐに成果は出ないかもしれませんが、子どもの気持ちに寄り添いながら、好き嫌いなく食べることの大切さを教えたり、家族で楽しく食卓を囲んだり、苦手な野菜が食べられたときはたくさん褒めてあげたりして、自分から食べようとする気持ちを育てましょう。

■においや味が苦手
・好きな料理に入れる、好きな調味料で味付けする
・煮る・焼く・揚げる・炒めるなど調理法を変える

■かめない・かみにくい
・切り方を大きくしたり、小さくしたりする。型抜きなどを活用する
・やわらかくしたり食感を残したり、食べやすいかたさにする
・とろみを付ける(片栗粉・やまいも・マヨネーズ・納豆などを利用)

■お腹がすいていない
・食事とおやつの間隔を2時間半?3時間空ける
・おやつは時間や量を決める
・体を使った遊びをたくさんさせる
・食事前の水分補給は甘い飲み物や牛乳を控える

市では、管理栄養士が食事に関する相談に応じています。困ったことがあれば、気軽に相談してください。

問合せ：市保健所健康づくり課食育推進係
【電話】434-9868"
岡山県倉敷市,2024.09.01,広報くらしき 2024年9月号,愛の献血,くらし,"400ミリリットル献血に協力してください。

日時：9月9日(月)9時半?11時、12時15分?16時
場所：本庁"
岡山県倉敷市,2024.09.01,広報くらしき 2024年9月号,休日・夜間当番医,くらし,"■休日当番医
内科系9時?17時、真備地区9時?13時
当番医は変更になる場合があるので、受診前に市ホームページか宿直室へ確認を。
宿直室(本庁【電話】426-3033・児島【電話】473-1111・玉島【電話】522-8110)
・外来のみ
・急患のみ
・保険証持参

◇9/1(日)
・羽島こども診療所【電話】424-3937(羽島)
・児島中央病院【電話】472-1611(児島小川町)
・新倉敷ピーチクリニック【電話】525-0840(玉島八島)
・平本胃腸科外科クリニック【電話】698-9811(真備町川辺)

◇9/8(日)
・木村内科医院【電話】426-8880(白楽町)
・市民病院〔外科・小児科含む〕【電話】472-8111(児島駅前)
・みつおかクリニック【電話】523-2220(玉島中央町)
・川辺内科【電話】697-1011(真備町川辺)

◇9/15(日)
・中畝医院【電話】455-1717(中畝)
・児島聖康病院〔外科のみ〕【電話】472-7557(児島下の町)
・倉敷アレルギークリニック【電話】474-4976(児島上の町)
・藤沢脳神経外科医院【電話】528-3111(玉島勇崎)
・源医院【電話】698-5050(真備町有井)

◇9/16(祝)
・原内科クリニック【電話】422-7105(阿知)
・おか整形外科〔外科のみ〕【電話】472-0288(児島稗田町)
・松香内科医院【電話】472-3317(児島上の町)
・玉島協同病院【電話】523-1234(玉島柏島)

◇9/22(祝)
・つばさクリニック【電話】424-0283(大島)
・市民病院〔外科・小児科含む〕【電話】472-8111(児島駅前)
・プライムホスピタル玉島【電話】526-5511(玉島)
・まきび病院【電話】698-6511(真備町箭田)

◇9/23(休)
・荒木クリニック【電話】424-1713(笹沖)
・すぎはら眼科・循環器科内科【電話】428-2868(茶屋町)
・児島第一診療所〔外科のみ〕【電話】472-2555(児島味野)
・やまな内科整形外科〔内科のみ〕【電話】472-3012(児島下の町)
・玉島中央病院【電話】526-8111(玉島阿賀崎)

◇9/29(日)
・千先クリニック【電話】425-2511(福島)
・チクバ外科胃腸科肛門科病院〔外科のみ〕【電話】485-1755(林)
・やまもとクリニック【電話】473-5151(児島元浜町)
・かわかみこどもクリニック【電話】441-2757(新倉敷駅前)
・まび記念病院【電話】698-2248(真備町川辺)

◇10/6(日)
・西原内科循環器科【電話】462-6681(松島)
・児島中央病院【電話】472-1611(児島小川町)
・のぞみキッズクリニック【電話】454-8216(玉島)
・呉妹診療所【電話】698-2220(真備町尾崎)

■夜間当番医
内科系20時?22時(診察時間厳守)
・テレホンガイド児島【電話】472-1123
・テレホンガイド玉島【電話】522-1123
※19時からお知らせ

■急患センター
内科・小児科【電話】425-5020(新田)
・(日)(祝)(休)…9時?12時半、13時?17時(内科医・小児科医が診察)
・夜間…20時?22時(内科医が診察)

■地域連携小児夜間・休日診療(毎日24時間体制)
倉敷中央病院(小児科)【電話】422-0210(美和)
川崎医科大学付属病院(小児科)【電話】462-1111(松島)

■倉敷歯科衛生センター診療所
【電話】422-2122(昭和)
(日)(祝)(休)…10時?12時、13時?15時

■歯科当番医(児島・玉島地区)
当番医は変更になる場合があるので、受診前に市ホームページか宿直室へ確認を。
宿直室(児島【電話】473-1111・玉島【電話】522-8110)
児島地区▲10時?12時、13時?15時
玉島地区△10時?12時、13時半?15時

◇9/1(日)
・▲大嶋歯科医院【電話】472-2261(児島赤崎)
・△吉川歯科医院【電話】525-0755(玉島阿賀崎)

◇9/8(日)
・▲中塚(浩)歯科医院【電話】473-0934(児島小川)
・△香西歯科クリニック【電話】522-1184(玉島柏島)

◇9/15(日)
・▲須藤歯科診療所【電話】477-8746(児島唐琴)
・△しんくら歯科医院【電話】523-0418(新倉敷駅前)

◇9/22(祝)
・▲塩津歯科医院【電話】485-2511(林)
・△井手歯科医院【電話】528-2500(玉島勇崎)

◇9/29(日)
・▲おさき歯科【電話】477-4848(児島田の口)
・△さとう歯科クリニック【電話】523-1118(玉島八島)

◇10/6(日)
・▲児島歯科診療所【電話】474-5931(児島小川町)
・△第二宮尾歯科【電話】522-2766(玉島八島)"
岡山県倉敷市,2024.09.01,広報くらしき 2024年9月号,くらしきほっと情報 イベント,イベント,"イベント情報や市民の皆さんから寄せられた地域情報などを紹介します。

■ファジアーノ岡山公式戦「倉敷サンクスマッチ」?倉敷市はファジアーノ岡山のホームタウンの1つです!?
9月29日(日)14時?、シティライトスタジアム(県総合グラウンド陸上競技場)で。V・ファーレン長崎との一戦を「倉敷サンクスマッチ」として開催します。当日は、本紙の二次元コードから事前にアンケートへ回答した人に、選手サイン入りグッズなどが当たる抽選会などを実施!詳しくは、本庁スポーツ振興課【電話】426-3855、ファジアーノ岡山スポーツクラブ【電話】086-948-5654へ。

◆倉敷サンクスマッチに無料招待!
対象：市内在住の中学生以上(小学生は左記「夢チケ」の利用を)
定員：500組1,000人
席種：自由席(A・メイン)
申込方法：ホームページから電子申請で。

◆「倉敷“夢”ポスタ-」入賞作品が決定!
◇ポスターデザインは、倉敷市長賞(優秀賞)南條はるかさん(下津井西小学校6年生)の作品に!
ポスターは9月上旬から公共施設などに掲示します。

◇入賞25作品を展示しています
・9月18日(水)まで…イオンモール倉敷2階
・29日(日)…シティライトスタジアム

◆ホームゲームの日程
・ブラウブリッツ秋田戦…9月8日(日)18時?
・愛媛FC戦…9月14日(土)19時?
・V・ファーレン長崎戦(倉敷サンクスマッチ)…9月29日(日)14時?
シティライトスタジアムで。小学生対象の「夢チケ」は、ホームゲームの自由席(A・バック)に無料で入場できます。ホームページから申し込み。未就学児は膝上観戦無料。スタジアムへは、公共交通機関を利用してください。

■シルバー作品展
9月10日(火)?14日(土)9時?17時、市立美術館で。市内に住所がある60歳以上の人の、書・絵画・写真・木彫・陶芸・手芸などの作品を展示。作品募集(毎年7月ごろ)は終了。詳しくは、本庁健康長寿課【電話】426-3315へ。

■マービーふれあいフェスティバル
9月14日(土)10時?16時、マービーふれあいセンター・真備図書館・真備児童館で。真備中学校吹奏楽コンサート、ピアノ・フルート・オーボエ・ハーモニカの演奏、移動図書館、おでかけ児童館など。申し込み不要。詳しくは、マービーふれあいセンター【電話】698-9111へ。

■市民企画提案事業「空き家と相続の個別相談会」
9月22日(祝)10時?16時、くらしき健康福祉プラザで。誰も住んでいない持ち家、空き家などの管理・利活用・相続登記・遺言などについて、専門知識を持った相談員が対応します。無料。1組当たり1時間。当日12時までにEメールか電話で申し込み。詳しくは、相続と空き家の相談窓口【電話】442-9558、【E-mail】souzoku@mx4.kct.ne.jp、本庁市民活動推進課【電話】426-3107へ。

■環境フォーラムinふなお
9月29日(日)9時半?15時、船穂公民館で。展示・体験コーナー、演奏会、講演会、模擬店など。詳しくは、船穂地区環境衛生協議会事務局(船穂支所内)【電話】552-5100へ。

■下津井節全国大会
9月29日(日)9時半?17時、児島市民交流センターで。潮待ち風待ちの港下津井で、江戸時代からうたい継がれてきた県を代表する民謡の大会。入場無料。詳しくは、下津井節振興会【電話】080-5233-8623へ。

■まびいきいきプラザまつり「音楽祭」
9月29日(日)10時?12時15分、まびいきいきプラザで。バンド演奏、オカリナ演奏、ダンス発表会など。詳しくは、まびいきいきプラザ【電話】698-1555へ。

■ふれあい人権フェスティバル
10月5日(土)10時?15時半、マービーふれあいセンターで。「見る・楽しむ・やってみる」をキーワードに、人権について考える参加体験型イベント。キャラクターショーやコンサート、マジック、ゲームコーナー、グルメコーナー、真備の特産品販売、人権作品などのパネル展示、人権なんでも相談など。詳しくは、本庁人権推進室【電話】426-3255へ。

■青空将棋道場
10月6日(日)(1)10時?(2)13時半?、美観地区倉敷川畔で。和服姿の女流棋士による公開指導対局。一般2千円、中学生以下千円。9月16日(祝)までに本紙の二次元コードから申し込み。詳しくは、市文化振興財団【電話】434-0505へ。"
岡山県倉敷市,2024.09.01,広報くらしき 2024年9月号,アルスくらしきのイベント,文化,"詳しくは、アルスくらしきチケットセンター【電話】434-0010へ。

■吉田兄弟デビュー25周年47+1都道府県ツアー?極生?岡山
9月14日(土)14時?、芸文館ホールで。全席指定。一般4,000円、大学生以下500円(当日各500円増)。未就学児入場不可

■絵本deクラシック「ピノキオの冒険」
9月28日(土)11時?、芸文館ホールで。0歳から参加できるコンサート。大きなスクリーンに映る動く絵本、管楽器・フルート・ピアノ演奏、アニメ「ONE PIECE」ナミ役でおなじみの声優・岡村明美氏による朗読など。一般2,500円、大学生以下500円(当日各500円増)"
岡山県倉敷市,2024.09.01,広報くらしき 2024年9月号,くらしきほっと情報 地域情報掲示板(1),イベント,"イベント情報や市民の皆さんから寄せられた地域情報などを紹介します。

■人権啓発活動事業「倉敷権利擁護支援フォーラム」
9月14日(土)13時半?16時、くらしき健康福祉プラザで。ひきこもりをテーマとした活動報告とパネルディスカッション「ずっとひきこもっていたけれど…?私たちには何ができるだろうか」。先着250人。無料。申込方法など詳しくは、市社会福祉協議会地域福祉課【電話】434-3301へ。

■吉備真備公弾琴祭
9月14日(土)17時?21時、琴弾岩周辺(真備町妹)で(雨天時は呉妹小学校)。真備公の遺徳をしのんだ琴弾岩の上での琴と尺八の演奏、イベントなど。詳しくは、同実行委員会田村氏【電話】090-1332-4394へ。

■コスモスコーラス定期演奏会
9月22日(祝)14時?15時半、倉敷公民館で。女声コーラスによるコンサート。「愛の讃歌」「モルダウ」など。詳しくは、同事務局仁科氏【電話】422-1228へ。

■倉敷陶芸会展
9月26日(木)?29日(日)9時?17時、市立美術館で。会員16人による、楽焼・釉薬・備前など約160点。無料。詳しくは、田中氏【電話】080-6266-0297へ。

■倉敷中央病院健康講座「倉中医療のつどい」
9月26日(木)13時半?14時半、倉敷中央病院付属予防医療プラザで。「高齢者のメンタルヘルス」についての講演。無料。申込方法など詳しくは、倉敷中央病院広報室【電話】422-0210へ。"
岡山県倉敷市,2024.09.01,広報くらしき 2024年9月号,くらしきほっと情報 地域情報掲示板(2),イベント,"イベント情報や市民の皆さんから寄せられた地域情報などを紹介します。

■歴史講演会「古代吉備の製鉄遺跡研究」
9月28日(土)10時?12時、環境交流スクエア(水島愛あいサロン)で。講師は上栫武氏。小学生以上。100人。無料。申込方法など詳しくは、環境交流スクエア【電話】440-5511へ。

■玉島混声合唱団定期演奏会
9月29日(日)14時?、玉島市民交流センターで。無料。詳しくは、菊池氏【電話】090-4806-7492へ。

■福祉の仕事　地域のミニ就職相談会
10月5日(土)14時?16時、倉敷商工会館で。福祉関係の採用担当者と直接話ができる相談会。履歴書不要、入退場・服装自由。無料。詳しくは、県社会福祉協議会福祉人材センター【電話】086-226-2888へ。

■空き家などに関するセミナーand相談会
10月17日(木)13時?16時半…相談会、13時半?15時…セミナー「空き家になる前の空き家対策」、岡山コンベンションセンターで。無料。詳しくは、岡山県宅地建物取引業協会【電話】086-222-2131へ。

■公開セミナー　みて!きて!体験!!作業療法の魅力
10月19日(土)10時?13時、川崎医療福祉大学で。片まひ体験、作業体験など。無料。申し込み不要。詳しくは、同大学【電話】462-1111へ。"
岡山県倉敷市,2024.09.01,広報くらしき 2024年9月号,くらしきほっと情報 地域情報掲示板(3),講座,"イベント情報や市民の皆さんから寄せられた地域情報などを紹介します。

■クラウソラス　オータムコンサート
10月19日(土)15時?、倉敷成人病クリニックで。シンガーソングライターデュオによる公演。無料。申し込み不要。詳しくは、倉敷成人病センター広報推進室【電話】422-2111へ。

■呼吸リハビリ講座
10月26日(土)13時半?15時、くらしき健康福祉プラザで。理学療法士による講演「息切れとうまく付き合うコツ、教えます。」と呼吸リハビリ体験。先着20人。無料。持参品・申込方法など詳しくは、みずしま財団【電話】440-0121へ。

■人権啓発活動事業講演会・ワークショップ「人権ってなあに??描いて知ってみよう親子でデジタルイラスト☆」
10月27日(日)(1)10時?12時(2)13時?15時、くらしき健康福祉プラザで。小学校高学年?中学生と保護者。各60人。無料。本紙の二次元コードから申し込み。詳しくは、育々会【電話】080-4336-0388へ。

■高梁川流域女性のための就職応援スキルアップ講座
10月30日(水)、11月1日(金)、6日(水)、13日(水)、15日(金)、20日(水)、22日(金)9時半?16時半。ウィズアップくらしき(天満屋倉敷店6階)で。全7回。DX入門。個別カウンセリングあり。今後働きたい女性。無料(教材費実費)。託児・申込方法など詳しくは、穴吹カレッジサービス岡山営業所【電話】086-236-0225へ。

■献体に協力してください
献体とは、医学教育と研究、後世の人材育成のため、自らの意思により、死後の自分の体を、無利益・無報酬で提供することです。詳しくは、くすのき会(川崎医科大学事務部内)【電話】462-1111へ。"
岡山県倉敷市,2024.09.01,広報くらしき 2024年9月号,くらしきほっと情報 国・県・その他の団体からのお知らせ,くらし,"■刑務所作業製品展示即売会
9月3日(火)?5日(木)8時半?17時(5日は15時まで)、本庁1階展示ホールで。受刑者が製作した製品の展示・販売。詳しくは、岡山刑務所企画部門【電話】086-229-2534へ。

■9月、10月は行政相談月間
岡山行政監視行政相談センターでは、国などの仕事や手続き、サービスについての困りごとや意見などの相談に応じています。市でも行政相談を毎月実施中(本紙25ページに掲載)。詳しくは、行政苦情110番【電話】0570-090110へ。

■もうけ話にご用心!
ショートEメールやSNSを通じて、「金塊を送る」「荷物を送る」と言われたり、著名人を名乗る人から投資を勧められたことはありませんか?手数料名目などでお金をだまし取られる被害が出ています。すぐに家族や警察などに相談してください。詳しくは、倉敷警察署【電話】426-0110へ。
〔警察相談専用電話【電話】#9110または各警察署へ〕

■県立南部高等技術専門校の入校生募集
4月開講。募集期間は9月17日(火)?10月17日(木)。2年訓練…環境設備工学科。1年訓練…溶接科、機械加工科、造園・エクステリア科、アパレルクリエイト科、塗装科。各科の対象者・授業料・申込方法など詳しくは、同校【電話】424-3311へ。

■任期満了に伴う高梁川用水土地改良区の総代選挙
9月30日(月)告示、10月8日(火)選挙。立候補の届け出は、9月30日(月)・10月1日(火)8時半?17時、高梁川用水土地改良区(総社市門田283)で受け付け。詳しくは、高梁川用水土地改良区【電話】0866-31-5200へ。

■「法の日」無料法律相談
10月1日(火)10時?16時、本庁5階502会議室、児島・玉島・水島・真備の各支所で。司法書士・土地家屋調査士(本庁のみ)による相続、境界、多重債務、少額の法律相談など。詳しくは、岡山県司法書士会倉敷支部森永氏【電話】525-7447へ。

■高梁川流域治水シンポジウム
10月20日(日)13時半?16時半、市民会館で。流域治水や地域連携に関する講演など。無料。本紙の二次元コードから電子申請か問い合わせ先へ電話で申し込み。詳しくは、岡山河川事務所流域治水課【電話】086-223-5187へ。"
岡山県倉敷市,2024.09.01,広報くらしき 2024年9月号,世界遺産 大シルクロード展,文化,9月16日(祝)?11月10日(日)、県立美術館で。世界遺産認定後、中国国外初となる大規模展。洛陽・西安・蘭州などの博物館や研究機関の所蔵品を展示。チケット購入方法・開館時間など詳しくは、同美術館【電話】086-225-4800へ。
岡山県倉敷市,2024.09.01,広報くらしき 2024年9月号,ハローワークからのお知らせ,しごと,"詳しくは、ハローワーク倉敷中央【電話】424-3333へ。

■障がい者ふれあい就職面接会
10月24日(木)13時半?16時、倉敷アイビースクエアで。障がいのある人の就職を支援。倉敷市・早島町・総社市の事業所との面接会

■求職者支援訓練
10月?12月に開講する、事務・デザイン・介護福祉分野などのコースの受講者を募集。雇用保険を受給できない求職者などを対象とした早期就職のための職業訓練。無料(テキスト代などは実費。テキスト代は市の補助制度あり。職業訓練受講給付金が支給される場合あり)"
岡山県倉敷市,2024.09.01,広報くらしき 2024年9月号,広報くらしき「地域情報掲示板」への掲載記事を募集します,くらし,"イベント名など100字程度(問い合わせ先電話番号必須)。申し込みは、営利・政治・宗教目的ではない旨を記載し、掲載希望月の2カ月前の10日までに郵送かFAX、Eメール、電子申請、持参で。掲載は抽選により決定。詳しくは、市ホームページで確認を。

問合せ：本庁くらしき情報発信課(〒710-8565西中新田640)
【電話】426-3061【FAX】426-4095
【E-mail】koho@city.kurashiki.okayama.jp"
岡山県倉敷市,2024.09.01,広報くらしき 2024年9月号,〔高梁川流域圏の紙面交流〕となりまちの話題,イベント,"■自然が創り出した絶景　新見市の「満奇洞(まきどう)」「井倉洞(いくらどう)」へ!
営業時間：8時半?17時(受け付け16時半まで)。定休日なし
料金：高校生以上1,000円、中学生800円、小学生500円、未就学児無料

◇満奇洞(新見市豊永赤馬2276-2)
歌人の与謝野鉄幹・晶子夫妻が「奇に満ちた洞」と絶賛したことが名前の由来とされています。鮮やかなLED照明に照らされた幻想的な空間が広がり、非日常を感じさせます。

問合せ：満奇洞管理事務所
【電話】0867-74-3100

◇井倉洞(新見市井倉409)
高さ約240mの石灰岩の絶壁の中にあり、全長約1.2kmにもなる鍾乳洞です。さまざまな奇石や怪石、高さ約50mの天の岩穴から流れ落ちる滝など、自然の雄大さと迫力を体感できます。

問合せ：井倉洞
【電話】0867-75-2224

◇森の芸術祭のアートスポットに!
満奇洞、井倉洞は9月28日(土)?11月24日(日)に開催する「森の芸術祭　晴れの国・岡山」のアート作品の展示会場にもなっています。満奇洞、井倉洞をぜひ楽しみに来てください。

■そうじゃ吉備路マラソン　大会ボランティア募集!
そうじゃ吉備路マラソンは、備中国分寺五重塔や史跡を巡る県内唯一の歴史街道マラソン。フル・ハーフ・10km・5km・3km・ランニングイベント(1.5km)・ユニバーサルラン(800m)の7種目を実施します。頑張るランナーをサポートするボランティアとして参加しませんか?ボランティアスタッフには、キャップ・ポンチョ・大会パンフレット・軽食などを支給します。ランナー募集は10月1日(火)開始予定です。
日にち：2月23日(祝)
対象：小学4年生以上の健康な人(中学生以下は保護者同伴)
定員：2,500人
申込方法：11月29日(金)までに、本紙の二次元コードから電子申請かホームページにある申込書をEメールかFAXで。

問合せ：同実行委員会事務局(総社市スポーツ振興課内)
【電話】0866-92-8367【FAX】0866-92-8386
【E-mail】kibijimarason@city.soja.okayama.jp"
岡山県倉敷市,2024.09.01,広報くらしき 2024年9月号,その他のお知らせ(広報くらしき 2024年9月号),その他,"■市公式SNS・アプリ・ホームページ
フェイスブック：@KurashikiCity
インスタグラム：@kurashiki_city
X(旧ツイッター)：@Kurashiki_City
ライン：@kurashikicity
市公式アプリ(iPhone、iPad用/Android用)
(本紙の二次元コード参照)

◇市ホームページ(広報くらしき)
「広報くらしき」は、パソコンやスマホ・タブレットなどで購読できます。毎月発行日には、市公式ラインや市公式アプリでお知らせしていますので、ぜひ活用してください。

■市の手続きや制度、施設などに関する問い合わせは
倉敷市コールセンター
【電話】086-426-3030
おかけ間違いのないようお願いします
8時?21時(年中無休)
【FAX】086-426-3939
【E-mail】call-c@city.kurashiki.okayama.jp

■倉敷市役所本庁
〒710-8565　西中新田640

■本庁・支所の開庁時間
8時半?17時15分
※(木)は一部窓口で19時まで延長

■市ホームページ
https://www.city.kurashiki.okayama.jp/

<img class=""alignnone size-full wp-image-8841558"" src=""https://mykoho.jp/wp-content/uploads/2024/08/sn_kurashiki240901_4.png"" alt="""" width=""281"" height=""60"" />"